,,values
0,1979-01-11,-7.834036560670846
0,1979-01-21,-1.560856655613461
0,1979-01-31,-6.039139798279598
0,1979-02-10,-8.09563299388261
0,1979-02-20,-4.562972077752962
0,1979-03-02,-0.2463846776212426
0,1979-03-12,-1.4096789355064372
0,1979-03-22,1.2325959892784373
0,1979-04-01,-0.4345617140352916
0,1979-04-11,-1.8509893235443164
0,1979-04-21,2.1212555962488446
0,1979-05-01,-4.097260381780245
0,1979-05-11,0.9507788994216056
0,1979-05-21,-1.4892922730739937
0,1979-05-31,-0.9321699281223083
0,1979-06-10,0.22984134911602833
0,1979-06-20,-0.19787814913287666
0,1979-06-30,-1.2659814146703912
0,1979-07-10,-1.6497911600897273
0,1979-07-20,-1.1509903843746727
0,1979-07-30,-0.796543730127276
0,1979-08-09,-0.07096030784795766
0,1979-08-19,-2.386377635910917
0,1979-08-29,0.06305775431527487
0,1979-09-08,0.5395062220576831
0,1979-09-18,-1.3503508565821634
0,1979-09-28,3.6419716341632897
0,1979-10-08,-1.3033805005138928
0,1979-10-18,2.87285468855059
0,1979-10-28,0.005880372524537522
0,1979-11-07,-3.026486909179133
0,1979-11-17,1.9172439348477472
0,1979-11-27,-1.1470965301710634
0,1979-12-07,2.0291758072937762
0,1979-12-17,1.3111296922949578
0,1979-12-27,5.314447434075439
0,1980-01-11,2.703484874613072
0,1980-01-21,4.690078781631995
0,1980-01-31,-6.060801186117149
0,1980-02-10,-3.635627863007442
0,1980-02-20,-0.3863672606190086
0,1980-03-02,-6.9766339768629235
0,1980-03-12,-0.7293443583432335
0,1980-03-22,-0.7156911706140286
0,1980-04-01,-0.5069899728129184
0,1980-04-11,-1.606254475030155
0,1980-04-21,1.9445298073748016
0,1980-05-01,0.08157182309498534
0,1980-05-11,-1.839113310954211
0,1980-05-21,0.38403393893190196
0,1980-05-31,2.7321733792697342
0,1980-06-10,0.13379320408265802
0,1980-06-20,-1.2392770725440867
0,1980-06-30,2.186971015110744
0,1980-07-10,3.783155974236063
0,1980-07-20,2.5403137078270888
0,1980-07-30,1.5113196272273652
0,1980-08-09,2.8214635242540886
0,1980-08-19,0.9637410714113133
0,1980-08-29,2.428518698644966
0,1980-09-08,3.004978483699892
0,1980-09-18,2.864489465186894
0,1980-09-28,0.08492947746748108
0,1980-10-08,-0.05206618561850971
0,1980-10-18,0.655304485880275
0,1980-10-28,-3.979173448503752
0,1980-11-07,3.1828746964844896
0,1980-11-17,-2.3789895502126397
0,1980-11-27,-1.1660329822139555
0,1980-12-07,1.246020909957564
0,1980-12-17,-1.0247973802490056
0,1980-12-27,-0.590133892454142
0,1981-01-11,-3.3425426148845476
0,1981-01-21,3.241601597639306
0,1981-01-31,-0.5609570117945639
0,1981-02-10,-3.443178286591297
0,1981-02-20,8.68354187666098
0,1981-03-02,2.2167422627792663
0,1981-03-12,0.5146070467824767
0,1981-03-22,-1.0289460854188524
0,1981-04-01,6.331712562024321
0,1981-04-11,4.3796848962371175
0,1981-04-21,0.7470170728456329
0,1981-05-01,2.3481469188190207
0,1981-05-11,-3.6793199083558314
0,1981-05-21,-1.3238272143624699
0,1981-05-31,0.5506086709543947
0,1981-06-10,2.2656329448281505
0,1981-06-20,0.45020312466000306
0,1981-06-30,-0.6091740896728706
0,1981-07-10,2.0943172461012023
0,1981-07-20,0.1864508544789572
0,1981-07-30,-1.8136946922484605
0,1981-08-09,-0.6248107821259289
0,1981-08-19,-2.1134146762204695
0,1981-08-29,-0.5044429026103815
0,1981-09-08,-0.41353811057915363
0,1981-09-18,-1.4925190041291052
0,1981-09-28,1.1213905050670836
0,1981-10-08,-1.2212138940267745
0,1981-10-18,-0.815152942668084
0,1981-10-28,-1.2675384141366162
0,1981-11-07,1.7416570724846907
0,1981-11-17,2.001551312517548
0,1981-11-27,-0.13238899533706133
0,1981-12-07,0.24986168640230835
0,1981-12-17,-3.830616231998686
0,1981-12-27,0.6915575768368946
0,1982-01-11,-8.239341448055615
0,1982-01-21,-4.410343411279401
0,1982-01-31,-1.2587191945271796
0,1982-02-10,-6.34029462590745
0,1982-02-20,4.534970261355884
0,1982-03-02,-3.785276345890572
0,1982-03-12,1.2887193798831436
0,1982-03-22,1.8239870717736728
0,1982-04-01,-1.3640323879167462
0,1982-04-11,-4.092270077829975
0,1982-04-21,-1.1040355877649262
0,1982-05-01,0.04924713058617321
0,1982-05-11,2.300135499344997
0,1982-05-21,1.4474247502347037
0,1982-05-31,-0.437899120139322
0,1982-06-10,-1.5389657550121107
0,1982-06-20,-3.301368485309008
0,1982-06-30,-1.673786071208535
0,1982-07-10,-0.4867546365145806
0,1982-07-20,0.9797168071970905
0,1982-07-30,-0.39034034993197103
0,1982-08-09,-1.5960717041333912
0,1982-08-19,-0.46219505897056123
0,1982-08-29,-1.5436315276117203
0,1982-09-08,0.0620137249362994
0,1982-09-18,-1.8494986995964822
0,1982-09-28,1.1064079348381854
0,1982-10-08,2.604603363661249
0,1982-10-18,-1.8748344019530099
0,1982-10-28,2.272314530487681
0,1982-11-07,0.29763881027041206
0,1982-11-17,-0.2460056788577784
0,1982-11-27,0.6965777161793396
0,1982-12-07,3.3495287047561533
0,1982-12-17,1.21332397846877
0,1982-12-27,5.536982162567552
0,1983-01-11,4.446241278640717
0,1983-01-21,-1.294051577784109
0,1983-01-31,1.370645693438411
0,1983-02-10,-0.4376868270117651
0,1983-02-20,5.743407562523094
0,1983-03-02,5.777604942130159
0,1983-03-12,1.7541249051138632
0,1983-03-22,-5.9030208009317375
0,1983-04-01,-3.6225932793844855
0,1983-04-11,-3.2382670735214036
0,1983-04-21,-6.082665428302798
0,1983-05-01,-0.3482933702745171
0,1983-05-11,-1.6574110698030875
0,1983-05-21,-3.318242456222537
0,1983-05-31,-3.140908968627989
0,1983-06-10,-0.6921201089795895
0,1983-06-20,1.0672843164962451
0,1983-06-30,0.6450357565135415
0,1983-07-10,0.22238090310212938
0,1983-07-20,3.5404118379058693
0,1983-07-30,2.2380556126050304
0,1983-08-09,1.9685922406825518
0,1983-08-19,4.178478658459886
0,1983-08-29,4.25797249521893
0,1983-09-08,4.1297588470541955
0,1983-09-18,-1.3079301955130556
0,1983-09-28,2.5394686732442477
0,1983-10-08,1.6976770598050108
0,1983-10-18,-0.4750379351171438
0,1983-10-28,0.9572295973733811
0,1983-11-07,0.9824050024108149
0,1983-11-17,0.08649246414726966
0,1983-11-27,-1.5333514678544973
0,1983-12-07,-1.7627594719177473
0,1983-12-17,-6.4432448628491015
0,1983-12-27,-13.201194601211345
0,1984-01-11,-2.3047957478596834
0,1984-01-21,-6.223135226999348
0,1984-01-31,3.402838740806099
0,1984-02-10,4.002204446220854
0,1984-02-20,5.5400379586083925
0,1984-03-02,-3.6822346394871035
0,1984-03-12,-5.003792435162165
0,1984-03-22,-2.4302372411466835
0,1984-04-01,-2.9336560374039147
0,1984-04-11,-1.0563921992343215
0,1984-04-21,-3.252990148631612
0,1984-05-01,-1.2878747415533647
0,1984-05-11,-1.5878986767961385
0,1984-05-21,0.7664711289685461
0,1984-05-31,-2.4613046011010566
0,1984-06-10,3.06636199228389
0,1984-06-20,1.1896075752071091
0,1984-06-30,-1.0776844775794288
0,1984-07-10,-0.3215464252125083
0,1984-07-20,-0.7116637961401524
0,1984-07-30,-2.12773593013016
0,1984-08-09,0.8347529066420633
0,1984-08-19,0.20801596559849217
0,1984-08-29,1.4948613792031973
0,1984-09-08,-0.9107123912310243
0,1984-09-18,0.3714580184716506
0,1984-09-28,-3.4497876823098563
0,1984-10-08,1.9794499809433397
0,1984-10-18,1.997810562276777
0,1984-10-28,2.8877451177810936
0,1984-11-07,-0.2565193946394249
0,1984-11-17,-2.944173871736714
0,1984-11-27,1.6502729830150007
0,1984-12-07,-0.8896566253362514
0,1984-12-17,6.449128984264786
0,1984-12-27,5.392300963365937
0,1985-01-11,-2.7691005976971796
0,1985-01-21,-5.33815274890597
0,1985-01-31,-6.781926836843124
0,1985-02-10,-5.515851208338917
0,1985-02-20,2.16844751329605
0,1985-03-02,1.2620416761348277
0,1985-03-12,3.4408307074272906
0,1985-03-22,0.8875630728212922
0,1985-04-01,1.5785858754555977
0,1985-04-11,-0.05491722079513624
0,1985-04-21,6.665797749517241
0,1985-05-01,1.7936880063940759
0,1985-05-11,2.7483581079620265
0,1985-05-21,-0.24377417629846904
0,1985-05-31,1.6017835977559673
0,1985-06-10,-1.264529156788389
0,1985-06-20,-1.103592655108045
0,1985-06-30,-1.1240283908149054
0,1985-07-10,1.1478546753827121
0,1985-07-20,-0.9385975316715782
0,1985-07-30,-1.9826981441506057
0,1985-08-09,0.11519295498844606
0,1985-08-19,-2.273920471476834
0,1985-08-29,-0.9897462572025966
0,1985-09-08,1.9537514916007752
0,1985-09-18,0.21413878028484223
0,1985-09-28,-3.7387218954209387
0,1985-10-08,-1.327530143175414
0,1985-10-18,2.5835379296831644
0,1985-10-28,2.1794721915766297
0,1985-11-07,-0.6415014600461046
0,1985-11-17,1.754799880816887
0,1985-11-27,-2.5320552659123168
0,1985-12-07,-3.5500509468659587
0,1985-12-17,-7.542647295363627
0,1985-12-27,-2.171206342916437
0,1986-01-11,0.36751415132308257
0,1986-01-21,7.037144894264655
0,1986-01-31,1.7056376758754106
0,1986-02-10,-4.234272565596304
0,1986-02-20,1.363036702022212
0,1986-03-02,-0.7887344101476532
0,1986-03-12,1.8219056326812946
0,1986-03-22,0.7548970621935368
0,1986-04-01,7.856421914891189
0,1986-04-11,1.362271971202214
0,1986-04-21,-0.6979345968811252
0,1986-05-01,2.5986581585837554
0,1986-05-11,3.1695059732938695
0,1986-05-21,-1.398161019006558
0,1986-05-31,0.8687207124648962
0,1986-06-10,0.18863382849795646
0,1986-06-20,1.3154004656131046
0,1986-06-30,-0.028017173752584633
0,1986-07-10,0.7313706560023451
0,1986-07-20,2.152730207289183
0,1986-07-30,1.4101355740613122
0,1986-08-09,-1.8137200935525357
0,1986-08-19,-0.3765588829186474
0,1986-08-29,-3.999887498168758
0,1986-09-08,-2.937847495517939
0,1986-09-18,0.10236046294990024
0,1986-09-28,5.373384285078192
0,1986-10-08,-0.7823296012252015
0,1986-10-18,-0.917651685071705
0,1986-10-28,1.553329208760419
0,1986-11-07,-1.0898406096531565
0,1986-11-17,-4.991257691421036
0,1986-11-27,0.8428059952649104
0,1986-12-07,-1.365330369463946
0,1986-12-17,1.1318580098469329
0,1986-12-27,2.9581832773191934
0,1987-01-11,4.600769088914714
0,1987-01-21,-2.8596576477340894
0,1987-01-31,4.238586786572079
0,1987-02-10,4.769483515375273
0,1987-02-20,-1.4862624863102454
0,1987-03-02,2.30430723602361
0,1987-03-12,0.6598094112944561
0,1987-03-22,2.827999985206859
0,1987-04-01,-4.417049498683663
0,1987-04-11,1.570501744080158
0,1987-04-21,4.225096155577366
0,1987-05-01,2.397426974896175
0,1987-05-11,4.0726515016971865
0,1987-05-21,2.481424992251427
0,1987-05-31,3.719494440350631
0,1987-06-10,2.45240208113506
0,1987-06-20,2.840995861964072
0,1987-06-30,-1.0903075607830242
0,1987-07-10,0.3028758160664314
0,1987-07-20,1.6340807568633022
0,1987-07-30,3.922261045259576
0,1987-08-09,0.4981764395033707
0,1987-08-19,1.3771743525623847
0,1987-08-29,-3.254011804017219
0,1987-09-08,0.20215255904618487
0,1987-09-18,-0.07499350574521006
0,1987-09-28,1.497908806110706
0,1987-10-08,-4.1980376049443535
0,1987-10-18,-1.1871306515956
0,1987-10-28,0.3647961182145044
0,1987-11-07,1.9870212012320607
0,1987-11-17,0.8839353645063411
0,1987-11-27,0.3799451873412164
0,1987-12-07,2.7910016697871036
0,1987-12-17,0.8312349494548357
0,1987-12-27,1.9378829423458062
0,1988-01-11,-6.268044696116336
0,1988-01-21,2.7037097006287483
0,1988-01-31,1.6122404245401103
0,1988-02-10,-6.2018206003139085
0,1988-02-20,0.05912992229727552
0,1988-03-02,0.3722816375759916
0,1988-03-12,-1.1808237077654724
0,1988-03-22,0.7371405683210117
0,1988-04-01,3.53226128200809
0,1988-04-11,1.096568381663229
0,1988-04-21,-2.110120694331882
0,1988-05-01,-0.9731074445551183
0,1988-05-11,3.2638884739551366
0,1988-05-21,0.9547626464903693
0,1988-05-31,2.9699346783541483
0,1988-06-10,2.534170857506005
0,1988-06-20,5.050727320346562
0,1988-06-30,-0.18820576189556992
0,1988-07-10,2.785422860082111
0,1988-07-20,0.6142289651972375
0,1988-07-30,3.1790177395453227
0,1988-08-09,3.380098511073823
0,1988-08-19,2.884464427272451
0,1988-08-29,-1.156677342447081
0,1988-09-08,-1.5355423949544993
0,1988-09-18,1.3739446841789078
0,1988-09-28,1.4430131183521555
0,1988-10-08,-4.8851803540882885
0,1988-10-18,-0.25217455534697625
0,1988-10-28,-3.172089414420776
0,1988-11-07,0.9310202611814224
0,1988-11-17,1.0982952156729056
0,1988-11-27,0.8637733894316156
0,1988-12-07,-0.697263845749512
0,1988-12-17,0.599167765940369
0,1988-12-27,3.141292478617008
0,1989-01-11,3.375777146487021
0,1989-01-21,6.53131681300915
0,1989-01-31,4.489408824792245
0,1989-02-10,-3.8406840180775306
0,1989-02-20,-4.708674052767393
0,1989-03-02,-5.126892004805375
0,1989-03-12,0.9996716502776207
0,1989-03-22,-0.4412203262514435
0,1989-04-01,3.181758515617255
0,1989-04-11,-4.439767025065736
0,1989-04-21,3.2575508317982496
0,1989-05-01,-0.37319732886881307
0,1989-05-11,-3.5990621026191336
0,1989-05-21,2.156193134370512
0,1989-05-31,1.1099842195498784
0,1989-06-10,-2.464573207853113
0,1989-06-20,-1.4885421182002285
0,1989-06-30,-0.29844761917713214
0,1989-07-10,0.8245107716753083
0,1989-07-20,-2.63851942830042
0,1989-07-30,0.6499660394950663
0,1989-08-09,-1.833503661781061
0,1989-08-19,-0.758402615172633
0,1989-08-29,0.37361690307696527
0,1989-09-08,-0.35830670889160976
0,1989-09-18,-0.6559414144377689
0,1989-09-28,-2.207104057432
0,1989-10-08,-1.109324956433567
0,1989-10-18,-0.6761059218069455
0,1989-10-28,4.778514969772617
0,1989-11-07,0.7511599541115758
0,1989-11-17,0.3850017374257454
0,1989-11-27,-1.7337701035598658
0,1989-12-07,-3.2257771374149073
0,1989-12-17,-11.81947291525284
0,1989-12-27,-5.234015284322415
0,1990-01-11,5.471443448356796
0,1990-01-21,7.199788546293819
0,1990-01-31,5.5722549318910435
0,1990-02-10,7.785544375880086
0,1990-02-20,0.7890540924983109
0,1990-03-02,-1.5922099114524086
0,1990-03-12,8.485302735137447
0,1990-03-22,-2.2228474882448888
0,1990-04-01,-1.292279904929364
0,1990-04-11,-3.663393557991269
0,1990-04-21,2.4410332400566737
0,1990-05-01,0.5483334412639274
0,1990-05-11,-1.507693184218353
0,1990-05-21,-1.701300034111584
0,1990-05-31,-1.6572089727550015
0,1990-06-10,1.4394925147681663
0,1990-06-20,0.8373003457269634
0,1990-06-30,2.6668406946277288
0,1990-07-10,-1.446243243735501
0,1990-07-20,-1.9119761656937613
0,1990-07-30,-0.5780449015110011
0,1990-08-09,-2.2186880664426836
0,1990-08-19,0.4456090003678928
0,1990-08-29,3.867893518781281
0,1990-09-08,3.804182502333069
0,1990-09-18,-0.9506733049533806
0,1990-09-28,0.7404630439382782
0,1990-10-08,0.49170929551395054
0,1990-10-18,0.542974528377882
0,1990-10-28,1.2278024729024148
0,1990-11-07,-0.5950769521704168
0,1990-11-17,4.268637282570673
0,1990-11-27,4.763836927064057
0,1990-12-07,1.666271493019212
0,1990-12-17,4.175390874810519
0,1990-12-27,-3.758857030740672
0,1991-01-11,0.39278599915046053
0,1991-01-21,-0.1861657650868115
0,1991-01-31,3.368170479829814
0,1991-02-10,5.93668349096074
0,1991-02-20,0.7095382863795183
0,1991-03-02,1.5484530888089174
0,1991-03-12,-0.9499384711753001
0,1991-03-22,5.154687507312498
0,1991-04-01,1.5674288236023979
0,1991-04-11,3.3507928018362194
0,1991-04-21,-0.9323775538821308
0,1991-05-01,0.6018294611898971
0,1991-05-11,2.6023439782503788
0,1991-05-21,2.4915549261378556
0,1991-05-31,4.480533127970743
0,1991-06-10,1.1401273820869087
0,1991-06-20,1.1243130305387818
0,1991-06-30,2.2601772874540016
0,1991-07-10,0.6247364275901595
0,1991-07-20,2.190193298286483
0,1991-07-30,-1.1193454186797303
0,1991-08-09,-1.0918290231819894
0,1991-08-19,-0.10968422237368321
0,1991-08-29,2.082263183092472
0,1991-09-08,1.6793102651252514
0,1991-09-18,-0.41915166095280953
0,1991-09-28,-0.954862285599668
0,1991-10-08,-0.040132239031671936
0,1991-10-18,0.4505589376785787
0,1991-10-28,2.2443121241865143
0,1991-11-07,-10.600626098349572
0,1991-11-17,3.087576415924363
0,1991-11-27,-0.8625628706564875
0,1991-12-07,1.1700708479720252
0,1991-12-17,1.5060222069488411
0,1991-12-27,3.288663163193646
0,1992-01-11,3.278280236344192
0,1992-01-21,-0.6238479678834878
0,1992-01-31,5.534264277691995
0,1992-02-10,0.6012678649178294
0,1992-02-20,4.919101161342923
0,1992-03-02,6.473172649174188
0,1992-03-12,-1.102995547042823
0,1992-03-22,-2.3320460885150807
0,1992-04-01,-3.157814597385685
0,1992-04-11,1.7012964068893186
0,1992-04-21,0.28284550020143956
0,1992-05-01,-0.7913871799379602
0,1992-05-11,0.8382046043542916
0,1992-05-21,0.8322995771930962
0,1992-05-31,-4.8985331947270065
0,1992-06-10,-1.0477505916178298
0,1992-06-20,-2.717498941937103
0,1992-06-30,-2.6890842548363687
0,1992-07-10,-1.0685614924353524
0,1992-07-20,-3.556062357375071
0,1992-07-30,-3.074840075594465
0,1992-08-09,-2.4503886568463367
0,1992-08-19,-3.9286614882381423
0,1992-08-29,-2.904745421524305
0,1992-09-08,-1.108236545338462
0,1992-09-18,1.3811776200380106
0,1992-09-28,-1.7489003554010356
0,1992-10-08,-0.41235874437327863
0,1992-10-18,-1.7941953256355057
0,1992-10-28,1.1803629412923666
0,1992-11-07,-3.5570276858426104
0,1992-11-17,-0.9749906515126966
0,1992-11-27,-2.2635378880664137
0,1992-12-07,-3.2279198227214687
0,1992-12-17,1.6137234528497362
0,1992-12-27,1.7166937417967958
0,1993-01-11,-1.475956906985195
0,1993-01-21,1.3805833521117357
0,1993-01-31,2.8023339448624243
0,1993-02-10,1.9561555222224043
0,1993-02-20,-8.326529022607067
0,1993-03-02,-4.112167060684764
0,1993-03-12,-4.928226369245281
0,1993-03-22,-3.3785227881146893
0,1993-04-01,-1.3191083648032544
0,1993-04-11,-1.0832371908489682
0,1993-04-21,-2.03050011769791
0,1993-05-01,-0.07756268034121176
0,1993-05-11,2.1041828337534745
0,1993-05-21,-3.3754060788529983
0,1993-05-31,-2.917756099322547
0,1993-06-10,0.10357581842252925
0,1993-06-20,-0.3971035360403795
0,1993-06-30,-0.3284890019273362
0,1993-07-10,0.5342033621290222
0,1993-07-20,-0.641604072096863
0,1993-07-30,0.6473746455091833
0,1993-08-09,-2.0550875747811213
0,1993-08-19,2.1585496317111614
0,1993-08-29,2.2719249129911034
0,1993-09-08,-2.169923568085099
0,1993-09-18,-1.9214162456243624
0,1993-09-28,-2.6241983089237246
0,1993-10-08,-0.9986329014342878
0,1993-10-18,-0.2044211547835721
0,1993-10-28,-3.4736549527629457
0,1993-11-07,-3.53726406464682
0,1993-11-17,0.7678525720332693
0,1993-11-27,-1.6097333696396228
0,1993-12-07,2.8041645705008977
0,1993-12-17,2.0434608127379166
0,1993-12-27,-4.481378715097023
0,1994-01-11,-4.973110249021936
0,1994-01-21,-6.56043162936111
0,1994-01-31,-4.36842506234577
0,1994-02-10,-3.609537936372539
0,1994-02-20,2.9150851076026965
0,1994-03-02,-2.4734314640136104
0,1994-03-12,-0.17949767294309335
0,1994-03-22,2.4092483517667698
0,1994-04-01,-1.7446388506063548
0,1994-04-11,-0.032927866347290544
0,1994-04-21,3.4159164820088463
0,1994-05-01,-2.537394627995116
0,1994-05-11,-0.674731990639848
0,1994-05-21,1.2372479058864174
0,1994-05-31,-0.16694836128927076
0,1994-06-10,1.2091420644034445
0,1994-06-20,3.200432407178937
0,1994-06-30,-0.20606464958063953
0,1994-07-10,-1.190179263125264
0,1994-07-20,-0.8495429087823251
0,1994-07-30,-2.550709683204946
0,1994-08-09,-2.1477270397946477
0,1994-08-19,-1.7937304591356888
0,1994-08-29,-1.3532589642790755
0,1994-09-08,-1.1013736027778198
0,1994-09-18,2.269763785186487
0,1994-09-28,0.14628564120920834
0,1994-10-08,-0.8329460290020394
0,1994-10-18,2.272457905421102
0,1994-10-28,0.4094193920726001
0,1994-11-07,3.249813382757052
0,1994-11-17,4.058464196101364
0,1994-11-27,-0.3497207789914682
0,1994-12-07,1.859218178566119
0,1994-12-17,1.4577719948686363
0,1994-12-27,4.90567707159653
0,1995-01-11,4.01556150023819
0,1995-01-21,2.4062350024850625
0,1995-01-31,2.378424362523359
0,1995-02-10,-6.272664679067999
0,1995-02-20,3.376223131582492
0,1995-03-02,-2.9577508303097373
0,1995-03-12,3.2304585431685666
0,1995-03-22,4.953044287308094
0,1995-04-01,-1.9886693849273762
0,1995-04-11,0.14113780237042836
0,1995-04-21,-1.6757488661548474
0,1995-05-01,-3.5733824844877207
0,1995-05-11,-0.7220703269235529
0,1995-05-21,-1.1027827515897553
0,1995-05-31,-1.2149066289781376
0,1995-06-10,-1.2007669913745507
0,1995-06-20,1.685751699792501
0,1995-06-30,-2.598476318628144
0,1995-07-10,0.9329599444216232
0,1995-07-20,0.35315190609906477
0,1995-07-30,1.2261339597788075
0,1995-08-09,1.5444958660523587
0,1995-08-19,3.3012210895878624
0,1995-08-29,2.6422047766412873
0,1995-09-08,-0.3668813708635241
0,1995-09-18,-2.389297374278758
0,1995-09-28,-0.5536326314332579
0,1995-10-08,1.3018484235058787
0,1995-10-18,1.2192906751135288
0,1995-10-28,-0.4372668368159596
0,1995-11-07,-4.653505166255759
0,1995-11-17,-2.5991514207199744
0,1995-11-27,-1.0099239545908398
0,1995-12-07,-2.860755461209556
0,1995-12-17,-0.6346242907795399
0,1995-12-27,-2.6634438989966056
0,1996-01-11,-1.506800260819065
0,1996-01-21,0.5452210925229708
0,1996-01-31,-10.210783702916155
0,1996-02-10,2.2395594581908167
0,1996-02-20,2.779950376489211
0,1996-03-02,-0.7016289926854167
0,1996-03-12,-2.887904694299819
0,1996-03-22,-4.452141094512233
0,1996-04-01,-3.4312914614841503
0,1996-04-11,-2.7551159272341876
0,1996-04-21,1.1847171612744112
0,1996-05-01,-2.3085214485378907
0,1996-05-11,-2.6391098916543796
0,1996-05-21,3.330954560759872
0,1996-05-31,-2.928658769024234
0,1996-06-10,-1.0433979547356516
0,1996-06-20,0.4617294017883909
0,1996-06-30,0.577549700355769
0,1996-07-10,-2.4452741378681297
0,1996-07-20,-1.2510537178289247
0,1996-07-30,-3.7673793262122195
0,1996-08-09,-1.1974780951639032
0,1996-08-19,-0.2892201352809153
0,1996-08-29,-0.9291794160548053
0,1996-09-08,0.9765953599279946
0,1996-09-18,-3.0868333804547707
0,1996-09-28,-1.6004897446688555
0,1996-10-08,-2.5493075162695895
0,1996-10-18,1.1728573602955497
0,1996-10-28,0.1877535706411395
0,1996-11-07,-2.9372058013654274
0,1996-11-17,-4.15631249705093
0,1996-11-27,-3.7631254265761536
0,1996-12-07,0.96837142975278
0,1996-12-17,-1.2706283380494028
0,1996-12-27,0.8313514006664635
0,1997-01-11,-6.318983589705487
0,1997-01-21,-1.7938020399447314
0,1997-01-31,1.020820978379432
0,1997-02-10,-2.286903863013447
0,1997-02-20,2.212616556330774
0,1997-03-02,1.823847126712441
0,1997-03-12,-0.5620370528836401
0,1997-03-22,0.8758008015716348
0,1997-04-01,3.00326584440372
0,1997-04-11,-6.838922211376216
0,1997-04-21,-2.7546047128757647
0,1997-05-01,-2.421187699022703
0,1997-05-11,-3.440837069832905
0,1997-05-21,-2.51133672949517
0,1997-05-31,-4.187119329583409
0,1997-06-10,-2.6480283378747167
0,1997-06-20,0.10680711176048849
0,1997-06-30,-0.5330045096744813
0,1997-07-10,-1.551644205026126
0,1997-07-20,0.6672038217190849
0,1997-07-30,0.08590540044188875
0,1997-08-09,-2.968441268087984
0,1997-08-19,-2.542741929038469
0,1997-08-29,0.4860329028224787
0,1997-09-08,-1.8054439958234159
0,1997-09-18,1.6935507440304214
0,1997-09-28,-0.06803827678975569
0,1997-10-08,6.146665004113343
0,1997-10-18,-2.40638712044469
0,1997-10-28,-3.503150141388173
0,1997-11-07,-4.262233515444872
0,1997-11-17,-6.229278629200792
0,1997-11-27,1.1701861484837095
0,1997-12-07,-2.6602707766985567
0,1997-12-17,2.230312736748135
0,1997-12-27,-0.020482364410052245
0,1998-01-11,1.8770747362987017
0,1998-01-21,0.766559437390958
0,1998-01-31,4.213025427887664
0,1998-02-10,3.0949212264399457
0,1998-02-20,4.467678758482746
0,1998-03-02,1.4370779302701309
0,1998-03-12,-7.867877539391211
0,1998-03-22,-1.6369616240794216
0,1998-04-01,4.1539778200340916
0,1998-04-11,1.8287827457533095
0,1998-04-21,-0.24185800649038275
0,1998-05-01,-0.7094124808730514
0,1998-05-11,2.7988595900240463
0,1998-05-21,4.6230703437248115
0,1998-05-31,1.723909269437658
0,1998-06-10,-3.2402917224084327
0,1998-06-20,1.747102412605044
0,1998-06-30,2.236543781482778
0,1998-07-10,0.2929400930282783
0,1998-07-20,1.0836609273358684
0,1998-07-30,-1.220696896237762
0,1998-08-09,-0.5648607323091162
0,1998-08-19,0.8827053676418679
0,1998-08-29,2.340137144751378
0,1998-09-08,2.20041062402523
0,1998-09-18,3.123725987898427
0,1998-09-28,2.9424549903675477
0,1998-10-08,-0.2536892633788781
0,1998-10-18,1.0246606035348296
0,1998-10-28,3.750674882894338
0,1998-11-07,-3.7011399370063716
0,1998-11-17,1.17988109355192
0,1998-11-27,8.04907149310862
0,1998-12-07,7.7368542963551175
0,1998-12-17,3.239996846387379
0,1998-12-27,-3.7231726324284593
0,1999-01-11,-3.824525549015805
0,1999-01-21,6.418159677183733
0,1999-01-31,5.777287898141865
0,1999-02-10,7.011779466293056
0,1999-02-20,-0.329711982484956
0,1999-03-02,1.5658924558117966
0,1999-03-12,-5.512033078794311
0,1999-03-22,-0.6615820581906325
0,1999-04-01,3.7493420295601396
0,1999-04-11,1.7860739640234595
0,1999-04-21,-1.7829311140632385
0,1999-05-01,0.6527306392736103
0,1999-05-11,0.061629898768652526
0,1999-05-21,0.2271129332433369
0,1999-05-31,0.6928206340674858
0,1999-06-10,2.708457219708362
0,1999-06-20,-3.2591861101112976
0,1999-06-30,-0.35793935567105517
0,1999-07-10,-1.2177352732505926
0,1999-07-20,1.9215812946833002
0,1999-07-30,3.0073566062176007
0,1999-08-09,0.45775058701558324
0,1999-08-19,0.37705488651668606
0,1999-08-29,1.4794923410543492
0,1999-09-08,1.5276240382666773
0,1999-09-18,-2.77229115409462
0,1999-09-28,-0.3818777557467189
0,1999-10-08,-0.18138155764308808
0,1999-10-18,-0.49962106883698854
0,1999-10-28,2.616861193996953
0,1999-11-07,3.9421133806015627
0,1999-11-17,5.056393706220094
0,1999-11-27,3.1389423798562204
0,1999-12-07,4.2867156935820585
0,1999-12-17,0.9821867739196175
0,1999-12-27,0.47501834118122305
0,2000-01-11,4.800676486811591
0,2000-01-21,-2.0899678547117837
0,2000-01-31,-4.249071038489691
0,2000-02-10,1.9638159166000826
0,2000-02-20,4.412172108034337
0,2000-03-02,7.32351795853034
0,2000-03-12,3.5924524939358498
0,2000-03-22,2.1288408398480825
0,2000-04-01,0.7643355275754373
0,2000-04-11,-1.6046544903985507
0,2000-04-21,-0.6067570100637717
0,2000-05-01,1.5982317247065472
0,2000-05-11,2.481096048466161
0,2000-05-21,0.3703082291738259
0,2000-05-31,-0.1762770864124299
0,2000-06-10,-0.08049806984029721
0,2000-06-20,-1.3099184934552013
0,2000-06-30,-1.682786373162654
0,2000-07-10,0.7006740745528225
0,2000-07-20,-2.7837148058877155
0,2000-07-30,-1.3983545570721945
0,2000-08-09,1.1578163129976995
0,2000-08-19,0.08646584311112293
0,2000-08-29,2.9103898775927988
0,2000-09-08,0.8260900548862281
0,2000-09-18,-0.1825809060705658
0,2000-09-28,-1.220723177234228
0,2000-10-08,-4.1484991999123775
0,2000-10-18,3.8092975864199206
0,2000-10-28,5.636779074388352
0,2000-11-07,-0.006863854927255009
0,2000-11-17,-7.075649375833163
0,2000-11-27,-2.774354880880362
0,2000-12-07,-4.658555150065668
0,2000-12-17,-7.9284568404949995
0,2000-12-27,-9.721434354588776
0,2001-01-11,1.7521082126960963
0,2001-01-21,-1.7926976926992197
0,2001-01-31,0.36731244691134257
0,2001-02-10,1.3106378470371616
0,2001-02-20,-2.6156063226881026
0,2001-03-02,-3.039048380357932
0,2001-03-12,-1.384676686133362
0,2001-03-22,-4.4588428940555875
0,2001-04-01,-2.39205044306103
0,2001-04-11,4.302307519794424
0,2001-04-21,-0.9464684867332348
0,2001-05-01,4.136843020325638
0,2001-05-11,2.415454194114388
0,2001-05-21,-0.6385962808279789
0,2001-05-31,-4.003750433500636
0,2001-06-10,0.018366660074050502
0,2001-06-20,-0.6828039291964068
0,2001-06-30,-0.13292868366232022
0,2001-07-10,-0.16439467872159502
0,2001-07-20,1.742285380005876
0,2001-07-30,0.3639135158411812
0,2001-08-09,2.096707760546794
0,2001-08-19,-0.4230075565721457
0,2001-08-29,-0.34472174125374033
0,2001-09-08,0.2009214040059427
0,2001-09-18,-1.216570718004791
0,2001-09-28,-2.276863454806081
0,2001-10-08,-1.2995520211904281
0,2001-10-18,-0.3414468839740329
0,2001-10-28,0.5277997976516342
0,2001-11-07,4.317171384287527
0,2001-11-17,5.7026555559443795
0,2001-11-27,3.4545985465830924
0,2001-12-07,6.7606816097830675
0,2001-12-17,4.961158542398874
0,2001-12-27,-2.575004792767455
0,2002-01-11,4.494491841394329
0,2002-01-21,3.809767596429031
0,2002-01-31,4.64758835674243
0,2002-02-10,2.148631746304571
0,2002-02-20,4.708981622090061
0,2002-03-02,-5.640120721086929
0,2002-03-12,0.9392322790951846
0,2002-03-22,-4.320442004105434
0,2002-04-01,-1.87423555354465
0,2002-04-11,2.5737336175154946
0,2002-04-21,2.846278402845214
0,2002-05-01,-2.0920423631643263
0,2002-05-11,-0.8805067626670215
0,2002-05-21,-5.369945699730126
0,2002-05-31,1.9596283861075932
0,2002-06-10,0.06789788930705529
0,2002-06-20,0.10267385639672524
0,2002-06-30,2.1623313737334238
0,2002-07-10,0.1487083590567963
0,2002-07-20,1.3015239325445225
0,2002-07-30,2.0482033191567544
0,2002-08-09,1.0912467426853292
0,2002-08-19,0.6105148166156399
0,2002-08-29,0.1811424002609089
0,2002-09-08,3.4723317793001742
0,2002-09-18,1.007883379156779
0,2002-09-28,1.0028576907618225
0,2002-10-08,-0.005976398379161663
0,2002-10-18,-4.4778811983171405
0,2002-10-28,-6.456436895855893
0,2002-11-07,-1.8261195298795783
0,2002-11-17,-0.620526119923369
0,2002-11-27,-3.0214590359933964
0,2002-12-07,-3.9776879798661695
0,2002-12-17,3.433561211466479
0,2002-12-27,1.6089808757049042
0,2003-01-11,-0.3179255085151949
0,2003-01-21,-6.993490585277087
0,2003-01-31,0.5154599571881812
0,2003-02-10,-4.509677321394256
0,2003-02-20,-3.4628654690291234
0,2003-03-02,-6.957277916230512
0,2003-03-12,-0.4193110071780081
0,2003-03-22,4.201021965618397
0,2003-04-01,-0.3405978521782806
0,2003-04-11,-0.8970446747962534
0,2003-04-21,-0.8567101164928081
0,2003-05-01,0.8492015320909495
0,2003-05-11,-0.41148764685928824
0,2003-05-21,-3.1602830777205693
0,2003-05-31,-3.186310224333798
0,2003-06-10,-2.9770154326004112
0,2003-06-20,-1.4177986353125338
0,2003-06-30,-0.6163717873270991
0,2003-07-10,-0.47696400635485003
0,2003-07-20,-1.0768449471849235
0,2003-07-30,-0.3437967011942283
0,2003-08-09,-0.7929203920510746
0,2003-08-19,2.9005912607883877
0,2003-08-29,0.6478723038483208
0,2003-09-08,-0.6184884440908673
0,2003-09-18,-0.900824996970243
0,2003-09-28,-4.140047256770506
0,2003-10-08,0.8822694096097031
0,2003-10-18,1.638284368943318
0,2003-10-28,0.15885469357527113
0,2003-11-07,-0.5372090141801958
0,2003-11-17,2.8704208218228238
0,2003-11-27,0.2311816380892942
0,2003-12-07,-1.5748263040066206
0,2003-12-17,-1.607468651230319
0,2003-12-27,4.298586296700374
0,2004-01-11,-1.8768227089186307
0,2004-01-21,-3.3188480348278353
0,2004-01-31,-6.356067065130171
0,2004-02-10,-3.6729749327507077
0,2004-02-20,0.12665729780441776
0,2004-03-02,3.6328920702476126
0,2004-03-12,-0.18436234102477428
0,2004-03-22,1.6097318481270573
0,2004-04-01,0.5224096479209867
0,2004-04-11,-1.3750565265233
0,2004-04-21,3.28324091049467
0,2004-05-01,-1.3639850456579246
0,2004-05-11,2.8331097645389045
0,2004-05-21,1.8055370305954792
0,2004-05-31,-0.9298838763419752
0,2004-06-10,0.45192997837091137
0,2004-06-20,-3.0921831153100596
0,2004-06-30,-3.7618556644346377
0,2004-07-10,-0.9988558094834377
0,2004-07-20,-1.5721062181793968
0,2004-07-30,-2.1885158856264013
0,2004-08-09,-4.663769918295218
0,2004-08-19,-3.5149039359441225
0,2004-08-29,-0.5676534970068206
0,2004-09-08,0.23180268927623912
0,2004-09-18,1.5192745544691633
0,2004-09-28,1.1488372206278377
0,2004-10-08,-0.14267424658983255
0,2004-10-18,-1.775412004613545
0,2004-10-28,4.027393589100466
0,2004-11-07,0.656963473703376
0,2004-11-17,1.621590012370318
0,2004-11-27,0.19849037761741511
0,2004-12-07,2.879705746252488
0,2004-12-17,-1.3162512939933377
0,2004-12-27,-0.7515037120087001
0,2005-01-11,1.088694756618126
0,2005-01-21,-3.8419094661906903
0,2005-01-31,0.5587679988261824
0,2005-02-10,4.141920806373705
0,2005-02-20,0.8005263375876229
0,2005-03-02,-1.1435640581632036
0,2005-03-12,-3.535762433719525
0,2005-03-22,-2.460152627990939
0,2005-04-01,2.6664755045052875
0,2005-04-11,2.3998226513660263
0,2005-04-21,1.2705453220169194
0,2005-05-01,-5.517269903737751
0,2005-05-11,0.9747930707348924
0,2005-05-21,0.1707692189832374
0,2005-05-31,-1.407678396567442
0,2005-06-10,2.289018439073233
0,2005-06-20,-0.07785754380680983
0,2005-06-30,2.1522541828383495
0,2005-07-10,0.3326485239607079
0,2005-07-20,2.400028760886209
0,2005-07-30,0.9492653477614212
0,2005-08-09,1.7649670353966544
0,2005-08-19,0.1782073709261942
0,2005-08-29,0.5777578846873237
0,2005-09-08,3.116140199517072
0,2005-09-18,3.8879962652303695
0,2005-09-28,2.2594166597820386
0,2005-10-08,0.7716252065411534
0,2005-10-18,2.623667123049016
0,2005-10-28,-1.7563773406261067
0,2005-11-07,5.25517571361175
0,2005-11-17,0.17035256726064527
0,2005-11-27,-1.1697091880143993
0,2005-12-07,-6.974100910854689
0,2005-12-17,-3.813855543466704
0,2005-12-27,4.530703342367457
0,2006-01-11,6.144996827549258
0,2006-01-21,5.415924700524272
0,2006-01-31,6.609660440182092
0,2006-02-10,-0.752774622316472
0,2006-02-20,-2.0971799562895623
0,2006-03-02,0.7829092786494524
0,2006-03-12,4.0493219685090365
0,2006-03-22,-6.310381324562033
0,2006-04-01,2.687853571767979
0,2006-04-11,4.995301478499338
0,2006-04-21,4.152502146954877
0,2006-05-01,-0.12571241357549093
0,2006-05-11,-2.8308801817650684
0,2006-05-21,0.1407430876277135
0,2006-05-31,3.9984291733343134
0,2006-06-10,0.22215760781014643
0,2006-06-20,1.5945958526479007
0,2006-06-30,0.5869081225513624
0,2006-07-10,-0.42882095244537244
0,2006-07-20,2.6731475559598805
0,2006-07-30,3.266202445013262
0,2006-08-09,1.948348654539506
0,2006-08-19,0.8227008525984857
0,2006-08-29,-1.5011923837579195
0,2006-09-08,-2.291179457408063
0,2006-09-18,-2.14138263382446
0,2006-09-28,-0.8710844239892122
0,2006-10-08,-0.03276748970089614
0,2006-10-18,-4.03976168269868
0,2006-10-28,-3.315269857868241
0,2006-11-07,-0.16599890160732003
0,2006-11-17,-1.2907260542567962
0,2006-11-27,4.785275565834171
0,2006-12-07,-2.473029774506802
0,2006-12-17,7.399638176074584
0,2006-12-27,4.943942426350563
0,2007-01-11,3.7517291981141896
0,2007-01-21,-2.4675090450742183
0,2007-01-31,-5.4593778429651865
0,2007-02-10,-7.6257765625082765
0,2007-02-20,-2.1110757544415266
0,2007-03-02,-1.398556497380963
0,2007-03-12,3.5328732862703838
0,2007-03-22,4.8382648376805575
0,2007-04-01,3.0138211608492065
0,2007-04-11,-8.409373397993752
0,2007-04-21,1.6057979980953845
0,2007-05-01,2.0730299486061843
0,2007-05-11,3.6637445449336212
0,2007-05-21,0.28428306824497496
0,2007-05-31,1.4308450658041338
0,2007-06-10,1.3542109915557075
0,2007-06-20,0.77315974788367
0,2007-06-30,-0.8471372478823017
0,2007-07-10,-0.4355093367384571
0,2007-07-20,-0.7817152703000296
0,2007-07-30,1.395960053305707
0,2007-08-09,4.252697980198002
0,2007-08-19,2.280097666484413
0,2007-08-29,1.4639260822348321
0,2007-09-08,1.001486165851029
0,2007-09-18,0.4903405614106381
0,2007-09-28,4.107018813875325
0,2007-10-08,4.751742870508133
0,2007-10-18,3.1672727166882457
0,2007-10-28,0.4194034152825107
0,2007-11-07,0.10812226112396658
0,2007-11-17,3.1968739865051576
0,2007-11-27,-2.590655853205318
0,2007-12-07,-1.53153225551288
0,2007-12-17,-1.0223493803116543
0,2007-12-27,0.8619032300634728
0,2008-01-11,5.873678339799649
0,2008-01-21,-5.472339045411347
0,2008-01-31,2.1504994880477417
0,2008-02-10,-0.885111661493663
0,2008-02-20,-3.0478168262959997
0,2008-03-02,-1.3032711559114527
0,2008-03-12,-1.8359683623673857
0,2008-03-22,-1.780004784844405
0,2008-04-01,-1.4519877128557395
0,2008-04-11,-2.3368688455192728
0,2008-04-21,3.261732261073154
0,2008-05-01,-1.999241154361147
0,2008-05-11,-1.8576332867956882
0,2008-05-21,-1.824987179282671
0,2008-05-31,0.07165203839617984
0,2008-06-10,2.3136671115575114
0,2008-06-20,-1.369791660572757
0,2008-06-30,-0.6132134108689528
0,2008-07-10,-0.2313783830499613
0,2008-07-20,1.1924446932316992
0,2008-07-30,1.359090769229157
0,2008-08-09,-0.9069578600458211
0,2008-08-19,-1.0796166267264493
0,2008-08-29,0.2546187202246443
0,2008-09-08,-2.841910231525023
0,2008-09-18,-0.5793150583436486
0,2008-09-28,0.954366073918971
0,2008-10-08,1.4378676856103703
0,2008-10-18,-0.28505948379539936
0,2008-10-28,-2.036538859139317
0,2008-11-07,1.6261761100421797
0,2008-11-17,-3.321235441638126
0,2008-11-27,-1.9562544315526662
0,2008-12-07,-2.9658915564197916
0,2008-12-17,-3.1157258999567707
0,2008-12-27,0.7507650621034881
0,2009-01-11,-2.7703651519977575
0,2009-01-21,-3.9006193997398055
0,2009-01-31,-3.4429912906255624
0,2009-02-10,5.702689806498126
0,2009-02-20,-1.7646041013762883
0,2009-03-02,-0.6347675420842152
0,2009-03-12,1.0156034772029794
0,2009-03-22,2.4193413513216226
0,2009-04-01,-2.1079994343521964
0,2009-04-11,-4.327864345689428
0,2009-04-21,1.2002103273278943
0,2009-05-01,0.26672154514273844
0,2009-05-11,-0.4739306473172304
0,2009-05-21,-0.7462576349602328
0,2009-05-31,-1.9316958809516689
0,2009-06-10,-2.3488300302867
0,2009-06-20,1.4489721546139753
0,2009-06-30,-0.1750286190603924
0,2009-07-10,-1.635600940030433
0,2009-07-20,-3.5064071758394726
0,2009-07-30,-2.6579592237757357
0,2009-08-09,0.3100412856813361
0,2009-08-19,-0.7739491475840854
0,2009-08-29,-3.365221544000242
0,2009-09-08,-0.43647807414205736
0,2009-09-18,-0.5390669753066544
0,2009-09-28,-2.3583859416264117
0,2009-10-08,-5.513093555519982
0,2009-10-18,-5.109082872557487
0,2009-10-28,-1.109080551419065
0,2009-11-07,2.5368672831838603
0,2009-11-17,2.523770610588815
0,2009-11-27,2.530093282507537
0,2009-12-07,-4.937706035396146
0,2009-12-17,-2.6181833137426933
0,2009-12-27,-2.072211594795384
0,2010-01-11,-4.859246097753837
0,2010-01-21,3.9410009411307123
0,2010-01-31,-4.235508365963291
0,2010-02-10,-5.033187360632384
0,2010-02-20,-3.256874756333823
0,2010-03-02,-2.968453032495324
0,2010-03-12,2.4383790947116646
0,2010-03-22,0.44235484637656686
0,2010-04-01,5.283133557501887
0,2010-04-11,4.725057904846526
0,2010-04-21,1.0966780623451866
0,2010-05-01,1.5041066130418361
0,2010-05-11,-2.570858066474483
0,2010-05-21,1.2346562631203282
0,2010-05-31,3.624674593628682
0,2010-06-10,0.5896347502312206
0,2010-06-20,2.4780347779057883
0,2010-06-30,0.20954247737447912
0,2010-07-10,1.156419023986512
0,2010-07-20,1.8352941286433944
0,2010-07-30,1.4590674685407667
0,2010-08-09,3.6420221444038754
0,2010-08-19,1.453761610485932
0,2010-08-29,1.4260652697479703
0,2010-09-08,-1.1402591116107614
0,2010-09-18,1.9165235622229713
0,2010-09-28,-0.2452529025842194
0,2010-10-08,1.6768028982211622
0,2010-10-18,1.7335355193685917
0,2010-10-28,2.236783645095428
0,2010-11-07,0.9653183688145675
0,2010-11-17,0.9658044607114702
0,2010-11-27,0.3562429758264525
0,2010-12-07,-3.933918971922341
0,2010-12-17,-5.364475868495302
0,2010-12-27,-1.2064481933217857
0,2011-01-11,-4.849834438165817
0,2011-01-21,-5.186484690971577
0,2011-01-31,-3.349636390871518
0,2011-02-10,-3.6258627709215334
0,2011-02-20,4.103490563149569
0,2011-03-02,-0.05596040208599677
0,2011-03-12,-0.5037663455607223
0,2011-03-22,1.4831767101022142
0,2011-04-01,-2.80797997774279
0,2011-04-11,3.1251617119660406
0,2011-04-21,-1.4822731165498841
0,2011-05-01,-2.1729276779853692
0,2011-05-11,0.8654923398817458
0,2011-05-21,-1.294700780820461
0,2011-05-31,1.995410360762752
0,2011-06-10,2.3518568701541733
0,2011-06-20,-0.4032185259793854
0,2011-06-30,1.0995455831441685
0,2011-07-10,1.8442338140184553
0,2011-07-20,3.765907700023989
0,2011-07-30,3.4714987826822474
0,2011-08-09,1.4905397484640206
0,2011-08-19,1.515869999035681
0,2011-08-29,3.0470511680119903
0,2011-09-08,-1.4033920818048817
0,2011-09-18,-3.4370061958520126
0,2011-09-28,-1.35816988998725
0,2011-10-08,3.8505649619349827
0,2011-10-18,-1.058286066809271
0,2011-10-28,0.0827193131615915
0,2011-11-07,0.27964047357231125
0,2011-11-17,2.260205687325505
0,2011-11-27,2.498357205269783
0,2011-12-07,-0.9710665854289269
0,2011-12-17,3.5873907027683645
0,2011-12-27,3.3655651379742793
0,2012-01-11,3.795826488477325
0,2012-01-21,1.9095198199772931
0,2012-01-31,6.367334818823941
0,2012-02-10,-0.8756500929290743
0,2012-02-20,4.185134165016468
0,2012-03-02,1.8350071123869867
0,2012-03-12,8.235059501378535
0,2012-03-22,10.393817113965362
0,2012-04-01,6.2188692153390885
0,2012-04-11,1.6000245885184103
0,2012-04-21,0.4870640225533167
0,2012-05-01,3.651665722771541
0,2012-05-11,1.251701612597567
0,2012-05-21,3.850605110635017
0,2012-05-31,1.533232042556464
0,2012-06-10,0.6012906608007993
0,2012-06-20,2.8466717925161533
0,2012-06-30,5.696079795441099
0,2012-07-10,3.072918637908946
0,2012-07-20,3.383433219898097
0,2012-07-30,3.279044622688641
0,2012-08-09,0.3737829421451521
0,2012-08-19,-1.214442892799218
0,2012-08-29,2.3737773410654253
0,2012-09-08,1.2525709255317061
0,2012-09-18,-2.221131495541446
0,2012-09-28,-1.1873929373264058
0,2012-10-08,-4.559450279991041
0,2012-10-18,1.0998083607169655
0,2012-10-28,-0.7420711819538646
0,2012-11-07,-0.15378665287069165
0,2012-11-17,1.265977162462697
0,2012-11-27,0.9515610276534965
0,2012-12-07,5.191606962609172
0,2012-12-17,3.669126096459281
0,2012-12-27,-2.8776826304807015
0,2013-01-11,4.107406425009521
0,2013-01-21,-1.6183190687799658
0,2013-01-31,0.8498294838828153
0,2013-02-10,2.373444489099552
0,2013-02-20,-3.2568345520865734
0,2013-03-02,-4.033107821094665
0,2013-03-12,-0.9508086023149998
0,2013-03-22,-7.755823232708383
0,2013-04-01,-3.320352844434992
0,2013-04-11,-0.9374887784765727
0,2013-04-21,-4.013102491451675
0,2013-05-01,-1.6653691188711388
0,2013-05-11,-0.8725533648325268
0,2013-05-21,-0.1805953202079654
0,2013-05-31,-0.6457458874629266
0,2013-06-10,-1.7799604233972044
0,2013-06-20,0.06049766812949866
0,2013-06-30,-0.8646535362563696
0,2013-07-10,0.3374790126291082
0,2013-07-20,0.5158108858026614
0,2013-07-30,-3.731154230537566
0,2013-08-09,-1.9867253712088533
0,2013-08-19,-1.8147386714593083
0,2013-08-29,3.0257691945501297
0,2013-09-08,3.0551107087165144
0,2013-09-18,-1.5230196553027437
0,2013-09-28,1.131819312941087
0,2013-10-08,2.066915441062437
0,2013-10-18,-1.8766716242481425
0,2013-10-28,-2.0772355885421567
0,2013-11-07,-1.163216317105846
0,2013-11-17,-0.32318663956881793
0,2013-11-27,-5.370659931891327
0,2013-12-07,-4.373660612625345
0,2013-12-17,-1.9118478920140145
0,2013-12-27,-2.600153276717544
0,2014-01-11,-1.4934446176224774
0,2014-01-21,-3.804572366535325
0,2014-01-31,-5.400863950546348
0,2014-02-10,-8.828246997831608
0,2014-02-20,1.1261396637114165
0,2014-03-02,-9.605260581645386
0,2014-03-12,-0.6208813415586772
0,2014-03-22,-5.299073704670887
0,2014-04-01,-1.3103636908879686
0,2014-04-11,-0.20632737869759224
0,2014-04-21,-0.7547234767328691
0,2014-05-01,-1.9433544918014405
0,2014-05-11,0.6545816877342028
0,2014-05-21,-1.3209879572329117
0,2014-05-31,1.407648022639384
0,2014-06-10,-2.9341890699044813
0,2014-06-20,0.12063544355987821
0,2014-06-30,-1.4765833700292945
0,2014-07-10,-0.9533830130802752
0,2014-07-20,-3.979078643461005
0,2014-07-30,-3.1248674514025505
0,2014-08-09,-1.7654216789025454
0,2014-08-19,-0.18715038478698992
0,2014-08-29,0.7063600705273659
0,2014-09-08,-1.5670511640246556
0,2014-09-18,-3.414818340969447
0,2014-09-28,1.5532625454014801
0,2014-10-08,-2.5794249614131184
0,2014-10-18,-0.1760194209981118
0,2014-10-28,1.0519471437224028
0,2014-11-07,-0.4893337533264025
0,2014-11-17,-10.313548639881144
0,2014-11-27,-1.0162291943843536
0,2014-12-07,-0.45711535231048134
0,2014-12-17,1.3099447762884961
0,2014-12-27,0.26822986206026156
0,2015-01-11,-6.860048035637374
0,2015-01-21,3.1546594442510587
0,2015-01-31,-0.9352675793476484
0,2015-02-10,-1.3468633808729098
0,2015-02-20,-10.444690022347993
0,2015-03-02,-8.82212275326635
0,2015-03-12,4.188554607297012
0,2015-03-22,-0.9083707435092127
0,2015-04-01,-0.14046559585863633
0,2015-04-11,2.1651392374755454
0,2015-04-21,-1.0242635804476392
0,2015-05-01,0.4487239214877389
0,2015-05-11,1.1731539557548314
0,2015-05-21,-2.1358025825377553
0,2015-05-31,-1.851594899977237
0,2015-06-10,0.28227446088851293
0,2015-06-20,-0.41615725186189667
0,2015-06-30,-2.8013927182404847
0,2015-07-10,-1.396458927298634
0,2015-07-20,-0.19845968396928515
0,2015-07-30,1.4363490196553605
0,2015-08-09,-0.5047292128140284
0,2015-08-19,-0.8499111014293032
0,2015-08-29,-0.707517448107998
0,2015-09-08,1.941929862686581
0,2015-09-18,0.9019489908534135
0,2015-09-28,-0.3522146021626944
0,2015-10-08,0.10965513070294204
0,2015-10-18,1.2006036743811717
0,2015-10-28,0.3034723928241818
0,2015-11-07,4.29079782339522
0,2015-11-17,2.328334771081661
0,2015-11-27,0.14051383317250649
0,2015-12-07,5.245439662838296
0,2015-12-17,5.190248226220526
0,2015-12-27,5.27411349171568
0,2016-01-11,0.26444415154104967
0,2016-01-21,-4.167809708325835
0,2016-01-31,4.331986752225422
0,2016-02-10,-2.937858647187763
0,2016-02-20,4.4086219335733094
0,2016-03-02,1.8787987711310699
0,2016-03-12,8.25400362391715
0,2016-03-22,-0.19796141600536568
0,2016-04-01,0.3861199252547428
0,2016-04-11,-2.092286985959723
0,2016-04-21,2.924600975086725
0,2016-05-01,-2.007192576383503
0,2016-05-11,-0.985712475494467
0,2016-05-21,-2.0389293744180828
0,2016-05-31,1.3778994800635496
0,2016-06-10,0.35059369204988233
0,2016-06-20,2.1174980867462923
0,2016-06-30,-0.45658472358170243
0,2016-07-10,1.0459158672384938
0,2016-07-20,1.994999008945785
0,2016-07-30,0.7600081321301033
0,2016-08-09,1.4081925877355679
0,2016-08-19,-0.5893843326980825
0,2016-08-29,0.42329398659465606
0,2016-09-08,1.8281378552574317
0,2016-09-18,2.8249385940137386
0,2016-09-28,0.583231236501295
0,2016-10-08,1.6807229770367065
0,2016-10-18,3.237938886971816
0,2016-10-28,4.224734042162906
0,2016-11-07,5.257628895282531
0,2016-11-17,3.2593148623267787
0,2016-11-27,2.4310052517113943
0,2016-12-07,-2.449198535030614
0,2016-12-17,-4.777660709913859
0,2016-12-27,3.9882140620904956
0,2017-01-11,-1.3153326509007541
0,2017-01-21,7.0804137821504565
0,2017-01-31,0.671042112277233
0,2017-02-10,4.723165770135221
0,2017-02-20,9.786570628072045
0,2017-03-02,3.5311997499440393
0,2017-03-12,-3.4502084764769414
0,2017-03-22,2.211753447272682
0,2017-04-01,1.7658568026310508
0,2017-04-11,3.2704977629024783
0,2017-04-21,1.915327959328259
0,2017-05-01,-2.2458092895541064
0,2017-05-11,-0.44063812077259873
0,2017-05-21,-1.7476982438442707
0,2017-05-31,-0.8256973998366991
0,2017-06-10,0.40518454574374074
0,2017-06-20,-0.7736545328271613
0,2017-06-30,-2.630481211158657
0,2017-07-10,0.07482162250309751
0,2017-07-20,1.151618266094942
0,2017-07-30,-1.4199889560578558
0,2017-08-09,-3.44640904479715
0,2017-08-19,-0.3259895592688848
0,2017-08-29,-3.4917365024923166
0,2017-09-08,-3.14738977012852
0,2017-09-18,2.9875818903886135
0,2017-09-28,2.408718040312172
0,2017-10-08,2.363171221078154
0,2017-10-18,3.5116080634057836
0,2017-10-28,-3.0170789443154704
0,2017-11-07,-2.1492544694204843
0,2017-11-17,-0.37838428068242314
0,2017-11-27,3.7745107266492703
0,2017-12-07,1.45183471725155
0,2017-12-17,0.7160415725342357
0,2017-12-27,-7.754462586222637
0,2018-01-11,-1.791830665793294
0,2018-01-21,0.8567907932056172
0,2018-01-31,0.7016530331161046
0,2018-02-10,-2.723151773014759
0,2018-02-20,5.001002545453711
0,2018-03-02,3.902811247530013
0,2018-03-12,-2.5956185644044996
0,2018-03-22,-2.4819480433968364
0,2018-04-01,-3.395492230445261
0,2018-04-11,-5.507947425426103
0,2018-04-21,-4.672589515689555
0,2018-05-01,1.3329794147613376
0,2018-05-11,3.6288033903616546
0,2018-05-21,2.2604654383579956
0,2018-05-31,2.9684365252533143
0,2018-06-10,1.1066332417483769
0,2018-06-20,0.26272770162390763
0,2018-06-30,1.6488945029258044
0,2018-07-10,1.277108383628517
0,2018-07-20,-0.37991251225479356
0,2018-07-30,-2.205633744021214
0,2018-08-09,1.0680030666760647
0,2018-08-19,-1.3019382336947838
0,2018-08-29,1.1939454005502905
0,2018-09-08,-0.9580344844020278
0,2018-09-18,3.083366409274732
0,2018-09-28,-1.9658093333486046
0,2018-10-08,0.24312345880815373
0,2018-10-18,-4.524243197458032
0,2018-10-28,-1.5506397348226568
0,2018-11-07,-4.2973800930866775
0,2018-11-17,-6.276446126058933
0,2018-11-27,-1.8241927882072004
0,2018-12-07,-3.683313838924048
0,2018-12-17,3.2489234628898287
0,2018-12-27,1.954863326345913
