200,300,400,500,600,700,800,900,1000,1100,1200,1300,1400,1500,1600,1700,1800,1900,2000,2100,2200,2300,2400,2500,2600,2700,2800,2900,3000,3100,3200,3300,3400,3500,3600,3700,3800,3900,4000
0.9968518196776274,0.9976235100858991,0.9979225708064493,0.9978513693658128,0.99871010971973,0.9988398445506514,0.9985574277134632,0.998286533365134,0.9988642757996191,0.9990008532624509,0.9989607297563012,0.999044441905982,0.9990610956851436,0.9990040290612664,0.9992038719211421,0.9991790087702089,0.9993565690832963,0.9993095453448749,0.9992838930661978,0.9993601341278926,0.9993096438977906,0.9992027501952147,0.9992645673946144,0.9993976656273105,0.9993912021262726,0.999392207687339,0.9994482552806717,0.9994617391404556,0.9994978475271138,0.9995386274055333,0.9995512202061902,0.999532275829206,0.999433547648374,0.9996399618256857,0.9996131302920321,0.9995763685394007,0.9995345092832147,0.999583716128665,0.9995971708640894
0.9962933458523924,0.9969678967324646,0.9979721423382129,0.99819871798173,0.9981550208384896,0.9985496656944094,0.9988496313999935,0.9988102353503641,0.998687405397349,0.9988971426739635,0.9988991440281613,0.9989605483439754,0.999158785661137,0.9991926550016147,0.9992053383083606,0.9990163406480741,0.9992928896049454,0.9993094454071832,0.9993763562013156,0.9993576252259634,0.9993258453067602,0.9993118635935498,0.9993699498549846,0.9995200599092045,0.9992716649364225,0.9995401110999033,0.9994575865401055,0.9994899853351823,0.9995613412439811,0.9995332191364561,0.9994195393438944,0.9996479256281913,0.9994698730396515,0.9995948773386999,0.999497850300399,0.9996183191598993,0.9995759740012412,0.9996144193368565,0.9996385277429755
0.996280254240835,0.9968349263106547,0.9974847408146381,0.9984974871508813,0.9984252834227646,0.9982400460415377,0.9984357628002836,0.9989503204734987,0.9986347376448932,0.9989094496839098,0.9990423532178384,0.9988977902063416,0.9991157364733102,0.9992603331120302,0.9991870676549287,0.9992399358253105,0.9992459919139579,0.9992918239098091,0.9994257839228272,0.9992918493946726,0.9994100789983572,0.9993853206421623,0.9993042268951617,0.999427375568799,0.9993965440819194,0.999296316516806,0.9993492389147344,0.9994127968351367,0.9996456984952866,0.9994863342891503,0.9995398160162594,0.9994463319095555,0.9994765301657558,0.9995508867486773,0.9995879378882493,0.9995892542796135,0.9996049688334544,0.9996482237616549,0.9996830618854046
0.9971511473989642,0.9970787987116975,0.9979553212924915,0.9983024290203919,0.9983305730156024,0.9986620830076579,0.9986086214487847,0.9990301692871306,0.9988675844227226,0.9989850670753702,0.9988490735100394,0.9990730606414242,0.9991775043023454,0.9990689061466224,0.9992211482998258,0.9993131705555376,0.9992042501949927,0.9992520244419202,0.9993602381728297,0.9993503244460389,0.99940337530266,0.9992981227513332,0.9994500293061241,0.9994198680144919,0.9994414034043757,0.999374942106754,0.9994621924816186,0.9994692664192251,0.9993921766855404,0.99951941299742,0.9995281335714081,0.9994518609726682,0.9994619800002164,0.9995301228377999,0.9995568606138912,0.9995950036716151,0.9995709410440958,0.999530294248838,0.9995754757411027
0.9968348826039772,0.9972850708635232,0.9974958981662043,0.9980870192251663,0.9983710207189501,0.9985943165188569,0.9984980242788294,0.9987772942928386,0.9989391532186052,0.9989890012300361,0.9990131410977612,0.999208193941492,0.9991317297771538,0.9990848952761364,0.999037537910029,0.9992182297037577,0.9990962418491388,0.9993058971201143,0.9993477186233977,0.9992560727815871,0.9994221965235668,0.9993845776741312,0.9993553557467855,0.9995055636014741,0.999335433018005,0.9993781353345144,0.999441956224055,0.9993844232894437,0.99959002393579,0.9995145889732591,0.9994492187372366,0.9994506313474921,0.9995662886936878,0.9995580356428014,0.9995209535553474,0.9995826597596397,0.9996007304887072,0.9996480781332505,0.9996388550169666
0.9971036102081028,0.9974075610640188,0.998189528122283,0.9980190517949319,0.9979717868941549,0.9985183127899729,0.9986069112234897,0.9988419282144949,0.9990986836529809,0.9987389607125042,0.9991394476478436,0.9989729448091447,0.9990768257880239,0.9993097896977833,0.9992462315951989,0.999117084892792,0.9991377935821524,0.9992067368456038,0.9993056735793935,0.9991158387828317,0.9993557431413691,0.9992724539467246,0.999401144480969,0.9993819105040858,0.9994707492266878,0.9994857335254597,0.9994777936079694,0.9995075518103947,0.9994925081229665,0.9995098855830492,0.9996266068547,0.9994697243642405,0.9995119040100483,0.9995434017832644,0.9996214154472949,0.9996728510625027,0.999586834274002,0.9996056757738014,0.9996836313490565
0.9971253284772791,0.9973741620132469,0.997881008319533,0.9979873781302521,0.9984207124854787,0.9986428151201362,0.9986278522512666,0.9985901885310345,0.9989158025657733,0.9988645695868323,0.9988741999025516,0.9987747786504085,0.9990537860093758,0.9991691441604786,0.999219429102117,0.9990877353581625,0.9993032472879694,0.9992487422362231,0.9992106594510617,0.9992365517212737,0.9994749736319491,0.9993669694469215,0.999328760275614,0.9993299478813542,0.9994450613661452,0.9993764616847995,0.9995106458792246,0.9995188406039363,0.999446625014192,0.999465190763854,0.9995000319800617,0.9994878234052892,0.9996267323393722,0.9995513536840066,0.9995622763645846,0.9995821152278835,0.9995333206670969,0.9995389563999292,0.9995768008721603
0.9964189841002806,0.9974803479748948,0.9977653952237339,0.9977756292704311,0.9983270053394906,0.9986494671699137,0.9985280348523284,0.998806884742361,0.9988262060982533,0.9988202491222977,0.9990043796259427,0.9989998817878236,0.9992033994434361,0.999061672786724,0.9991728877711115,0.9992396176460735,0.9991271989479594,0.999243217654549,0.9993178682168891,0.9993622917301948,0.9993978843845419,0.9994813360668232,0.9993853413626297,0.9994196980608464,0.9994778986405938,0.999465120872233,0.9994128891657216,0.9994036997681977,0.9995137989936224,0.9994776396901037,0.9994852875639623,0.9995087743313299,0.9995215345831504,0.9995720697981296,0.9996223155209348,0.999483994665835,0.9995663381708781,0.9996267658195724,0.9996000480831158
0.9972982561349711,0.9971062964465107,0.9981817541232983,0.9982929855223934,0.9984184809931564,0.9984708351844255,0.9987157142810816,0.998763352141278,0.9988588257570586,0.998754500044975,0.9992066918831793,0.9989312896702652,0.9990090398113007,0.999048447176901,0.9990925742412262,0.9992854371563817,0.9990391334114775,0.9993281418393657,0.9994121833885801,0.9994087041837061,0.9992847713090861,0.9993317535072386,0.9994757526162604,0.9992776212360971,0.999451831580553,0.9994245615403995,0.9995092002536329,0.9994880229000871,0.9996078076775039,0.999576319888608,0.9995531390790794,0.9995303512216891,0.9995468778128058,0.9996033430087627,0.9995702290216139,0.9995069338444882,0.9995902697730408,0.9996207623938522,0.999543012021063
0.996456949363116,0.9976518344084858,0.9975640516337668,0.9983034005776671,0.9982111693337397,0.9984176636798918,0.9985880635332034,0.9988041405093474,0.9986242485824702,0.9989578427864743,0.9990944949428008,0.999078731251417,0.9991299352254566,0.9991586582563189,0.9992472719190274,0.9991984624520224,0.9992941578111086,0.9992864220952172,0.9993738598958798,0.9993576384282705,0.999366310722091,0.9993082874348387,0.9992562548297836,0.9994522196128793,0.9993657768047357,0.9994204467023285,0.9994905951863738,0.999479210541483,0.9994428099341924,0.9994809489832857,0.9995046639866882,0.9995092703579346,0.9995044782975827,0.9995521024060398,0.9995827701490508,0.9996043955840248,0.9995363751460649,0.9995855611648463,0.9995505995314955
0.9970236651332931,0.9976262065427832,0.9974106887845869,0.998127555246994,0.998094525173379,0.9984894154367577,0.9988052928080905,0.9986834797790247,0.9988017988539385,0.9990976158523395,0.9988214307700908,0.9990564839605472,0.9990094177758737,0.9992101352389273,0.9992968120842813,0.9992369305776791,0.9993978339138807,0.9993357769077215,0.9992871122767414,0.9993186696001096,0.9994752651519906,0.9994061328676271,0.9994805069262888,0.9993997838315233,0.99935303577804,0.9994453151292957,0.9995072081746905,0.9994224834528301,0.999426474795052,0.999584928336959,0.9994693834450495,0.999531707268689,0.9995310280655632,0.9996030627000718,0.999584235033975,0.9995556083576383,0.9995874118805982,0.9996740571338725,0.9995877508812344
0.9965044705160369,0.9974597639046949,0.9980194780001362,0.9981970558227187,0.9985763703197733,0.9983871927992791,0.9985984897653359,0.9988909607859495,0.9989683849680259,0.9986952542053806,0.9990327536336652,0.9990813033298348,0.9990577475137669,0.9992001497340098,0.999257046128754,0.9992372634322857,0.9990556538968605,0.999324802862527,0.9993521012193617,0.9993081898531717,0.9993685875282217,0.9993679734429793,0.9994736525109162,0.9995020247720056,0.9995082220782429,0.9994450791572306,0.9994141044156536,0.9995343748992914,0.999534972709808,0.9995875261154283,0.9995017058741203,0.9994810737559566,0.9995123692929028,0.99946609149402,0.9995975701973296,0.9996186203877537,0.9995689444373256,0.9994856451522725,0.999522714950805
0.9971936644460767,0.9979012665630147,0.9974592428345425,0.9978783900403169,0.9982240998813319,0.9985110414043042,0.9984830801495083,0.9987371338559997,0.998725648725553,0.9991135139276772,0.9989147382705105,0.99918397012188,0.9992192250555119,0.9990565919963773,0.9991825155327525,0.9992925666450505,0.9992155864778653,0.9992732998182716,0.9993382338842098,0.9993323584097379,0.9994360959444227,0.9994390826359182,0.9994428187585727,0.999447994133787,0.999529400457082,0.999523242027476,0.9994160695184819,0.999478480644439,0.9995229391560877,0.9994823797430272,0.9995326504051946,0.9994277809314274,0.9996139279472246,0.9995190890950838,0.9996046125643435,0.9995640511951067,0.9996508325664065,0.9995760004820643,0.9996203770384925
0.9970738394247629,0.9974500839979458,0.9975471209003602,0.9976659322753747,0.9980701100409164,0.9981142854320103,0.9987196899852395,0.9988420559100122,0.9989894122771769,0.999011338256457,0.9988614509957808,0.9990933372268096,0.9988588626290051,0.9992983558651096,0.9991411171195507,0.9991374257218979,0.9993094314124372,0.9992711494607374,0.9993105503463803,0.9992302363143977,0.9994107947313712,0.9993669602944744,0.999487694604164,0.9993807400805097,0.9994255066824207,0.9992837741995785,0.9994112005857538,0.9994277746322704,0.9994512100560218,0.9995217869914268,0.9995288826785269,0.9995069293987737,0.999651149111741,0.9995809663267153,0.9995568436614227,0.9996428863454065,0.9996535343825914,0.9995392126498677,0.9996854282954966
0.9966889206050794,0.9975715087896394,0.9978891471819036,0.9981127861257899,0.9982847988631788,0.9983093195759174,0.998899625536028,0.9990054087762397,0.9987430401749184,0.9987563843716749,0.9988942914535657,0.9989595002350186,0.9991049147610703,0.9992446355834494,0.9992267093400093,0.9990546227562778,0.9992665248303001,0.9992365061018038,0.9993033904296296,0.9992562542765758,0.9993985473566704,0.9992960281960299,0.9993771192902462,0.9994043347531408,0.9994637074092748,0.9994552808598656,0.9995646698893315,0.9995320658341137,0.9995072313153333,0.9995736234185373,0.999550887696799,0.9994488616351728,0.9995564780932821,0.9996082652498895,0.9995185405564209,0.9995850442191396,0.9995524164431321,0.9996491304821755,0.9996159364452015
0.9963165642768717,0.9979017450856172,0.9980885946353418,0.9983219331593228,0.9979324520303355,0.9984303774330328,0.9985533832418735,0.9988885440347017,0.9989812973709951,0.9989746487442547,0.9992516363743205,0.9990476277897441,0.9991272506093702,0.9989147190413151,0.9991035764544862,0.9992074098656253,0.9992310594728684,0.9993883365391342,0.9992908283628354,0.99933967850446,0.9994064131974243,0.9993956634273933,0.9992638714673957,0.999381250063395,0.9993160241058006,0.9994924426581143,0.9995548248637274,0.9994364008397202,0.9994542058443492,0.9994423830131447,0.9994899539649958,0.9996096462749839,0.9996225101143119,0.99952412486901,0.9995343475173393,0.9995218818565894,0.9995748577172436,0.9996277813300307,0.9995995910462119
0.9968819631291365,0.9972780858861674,0.997724778957457,0.9982970284708429,0.9984605349135401,0.9986705241868539,0.9986502641713003,0.9987516364918705,0.9988635351712576,0.9987545473772363,0.9990122941487525,0.9991143380448715,0.9990444713337274,0.9991652588326365,0.9992035082707,0.9991233563921168,0.9992213233074894,0.9992580645631534,0.9993404414460884,0.9993363716371416,0.9993716560026846,0.9994823365719471,0.9993503229853489,0.9993021796978956,0.9994021051906986,0.9994597544293156,0.9993278363931268,0.9995570990256482,0.9994986383978793,0.9996521766598607,0.9995380405654559,0.9994861675745388,0.9995524107811214,0.9995369811101575,0.9995021127958059,0.9995946002684409,0.9995961368982759,0.999655590112754,0.9995578263717978
0.9960588957385361,0.9969690342949521,0.9978226520092699,0.9980728607097558,0.9984346644830068,0.9983264936860742,0.9984035487284435,0.9989746686654684,0.9988686497347891,0.9990137105163032,0.9989565601585162,0.9989730047096022,0.9990453028353297,0.9992564751411248,0.9991978707086469,0.9992714872087877,0.9992574497626323,0.999320014973833,0.9993894027649383,0.9992259562451714,0.9993771333985506,0.9994441556708047,0.9993813236712068,0.9993838334939684,0.999319678206453,0.9995008433353744,0.9993265264908602,0.9994443405978305,0.999537747293172,0.9994098328791636,0.9995254044848783,0.9994403937790578,0.9994667720420289,0.9995612329682791,0.9995793365160844,0.9995448243346483,0.9996144339092268,0.9995991052482044,0.9995904917330055
0.996906904143024,0.9976581101480206,0.998028065840841,0.9977126154404455,0.9986358975660545,0.9986509777501573,0.9986012928109345,0.9989756613532342,0.9987653262348388,0.9990403092949796,0.9990205524178211,0.9991245430713698,0.999220732397777,0.9990401609923872,0.9992107883562767,0.9992235527392648,0.9994019694369464,0.9992632966607065,0.9993010587937314,0.9992337779842003,0.9993272388078884,0.9993125204622091,0.999456710473983,0.999310775233766,0.9994388794144007,0.9994231742096628,0.9994593173383133,0.9994953449911762,0.9995304050953044,0.99958217724448,0.9995439384348128,0.9995106538031518,0.9995644587993558,0.9994896873075261,0.9996209024230115,0.9996600571428671,0.9995463432249893,0.9996650933992385,0.9994840473624865
0.9965694070397793,0.9971684223518764,0.9979695889645483,0.9980969733049756,0.9981775242307537,0.9985374998414972,0.9987356527733873,0.9989361104915849,0.9988112966928205,0.9989818403118408,0.9988209926380686,0.9990454254726001,0.9990935776717824,0.9990197326167175,0.9991929473699133,0.9991142567131905,0.9992889674538744,0.9992379526428239,0.9992810247854905,0.9993571117420852,0.9992830371318985,0.9993966092413397,0.9993995450697784,0.9995494263796465,0.9994371932535211,0.9994004007134827,0.999531077646979,0.9994917914467094,0.9995034575839901,0.9994651574509075,0.9995033227625417,0.999485133925757,0.9994601300085126,0.9995262867154872,0.9995789914355486,0.9996005974019844,0.9995599002041051,0.999660867633867,0.9995818351709954
0.9975166658274685,0.9973266167012045,0.9980431008679034,0.9978451196007403,0.997750733832701,0.9986112452719184,0.9985895340505371,0.9986153698629842,0.9989935839233149,0.9988891594584491,0.9989839431625769,0.9990944080587262,0.9989698302800116,0.999089411464002,0.9992238856921027,0.9991897208763745,0.9992064622761356,0.9992369101566306,0.9992925603937067,0.9992808172533235,0.999448107228408,0.9993284578610251,0.9993804339263354,0.9994496645632079,0.9993778230173453,0.9995265008068116,0.9993894138974495,0.9995147474160404,0.9993910326177866,0.9994779898107904,0.9995040881959019,0.999542449746595,0.9995911859576961,0.9995697995058372,0.9995071481851218,0.9995135606065201,0.9995510139871445,0.9995396426315376,0.9995600392307392
0.9959480471536517,0.9971854949508906,0.9976358705746087,0.9978314632415745,0.9984194423277793,0.9985849845241959,0.9986666136577996,0.9984757146978394,0.998848970601587,0.9988406878976872,0.9989934491139445,0.9990485399541966,0.9990554627695466,0.9991595806104984,0.9991313195318324,0.9991949522174476,0.9992234831022544,0.9993236362155309,0.9992648617578492,0.9992669836440917,0.9994523142925139,0.9992383478624234,0.9992160703300267,0.9994736703499962,0.9995219244992867,0.9994215092757976,0.9994756938428013,0.9995087861076568,0.9995242905089237,0.9994844487060698,0.9995818343429791,0.9995447179465323,0.9994871560386616,0.9996728791972829,0.9996106175407292,0.9996207295810714,0.9995825894859065,0.9995629483719362,0.9996044888924351
0.995857937838864,0.9973456116709939,0.9975889624993582,0.9983315443976891,0.9982021339878577,0.998363812785608,0.9986841588060471,0.9987638286854216,0.9987441977359036,0.9989061328884,0.9988011673211793,0.9990401712445955,0.9991830007745608,0.9990537957920758,0.9990810011531177,0.9992304496876202,0.9992875149737861,0.9991397574382128,0.9993255265429262,0.9994218199712384,0.9994471121124568,0.9994038963215628,0.999311065949377,0.9993309382922658,0.9994968165244523,0.9994349319701388,0.9994270590585226,0.9995080039356312,0.9994812460976503,0.9995615635074023,0.9995640845348513,0.9996247296378118,0.9995029271944988,0.9994903946972569,0.9995525246873938,0.9995483599443375,0.9995612934253889,0.9995625808453348,0.9995585827470108
0.9965223395194549,0.9970948214469634,0.9978127147842009,0.9982401403724013,0.9981119933402446,0.9982380259717974,0.9985042978429775,0.9986956475017823,0.9987513916287818,0.9989085790706483,0.9990840449451693,0.9990913780718376,0.9989861825010713,0.9991084105109008,0.9992598996310734,0.9992243705983319,0.9992485615030426,0.9992999892906305,0.9994029745444669,0.9993592138969434,0.9993772199682656,0.999433681071349,0.9993849583144211,0.9993145922869121,0.9994480361981534,0.9994231969219274,0.9995056816339593,0.9995155833622771,0.999398992806567,0.9996157015445082,0.9994961160525795,0.999521581988901,0.9995880405927379,0.9995434155766628,0.9995543144494158,0.9995281156308415,0.9996308171015043,0.9995982604057327,0.9995920807292443
0.9967153577455267,0.9978298061118578,0.9979083166151201,0.9982144516926724,0.9983255533801138,0.9985750342580408,0.9987970422506627,0.9989052703306162,0.9985743935523633,0.9989347273415535,0.9987400517872292,0.9990318714225812,0.9990787837904207,0.9993733950797992,0.9989794259128693,0.9994206009286899,0.9991475273624417,0.999202742234721,0.9994474656103807,0.9993053343846332,0.9994387615157372,0.9993553130495506,0.9994542299318099,0.9993503778012829,0.9994633123122443,0.9993671653649965,0.9994370952375011,0.9994674497202551,0.9994967860894998,0.9995787270210464,0.9995758260729907,0.9994918961047657,0.9994801626146392,0.9996033880969957,0.9995355607676195,0.9995598212999606,0.9996660019350011,0.9995729236387274,0.999561170449462
0.996820730747056,0.9972162110573822,0.9982775287620674,0.9980525606351065,0.9982618679089399,0.9985689736767542,0.998412714467671,0.9986904281048689,0.9987054021136667,0.9989519728770799,0.9988674348829664,0.9990270443899971,0.9990804598690713,0.9992486149193743,0.9991552249558642,0.9991263799903543,0.9992957049242562,0.9992501661107187,0.9994403077105926,0.9993127249385992,0.9993534446725268,0.9994270729782596,0.9993195647481151,0.999437685209405,0.999382300914568,0.9994048673322585,0.9993396279403283,0.9994969622812543,0.9995563358265201,0.9995334823346406,0.9994777716003486,0.9995777874614861,0.9995632521493052,0.9995673929394738,0.9995906335798175,0.9995883963879949,0.9995957109831991,0.9995996345254959,0.9995264413239767
0.9962780549053101,0.9971776179226941,0.997759197433944,0.9983889302038094,0.9982051429893545,0.9986855519642623,0.9986371583915041,0.9988316679621417,0.9987727684887596,0.9989257585992083,0.9988747608264138,0.9990073717329832,0.9991119887320706,0.9992133895408841,0.9991334752084462,0.9992265956201909,0.9991501346282623,0.9991416541885868,0.9993295324888161,0.9994289475938133,0.9993686399388558,0.9994611531539418,0.9993732052774964,0.999426047985781,0.9993468522777897,0.999507973127494,0.9993748211443203,0.9994720881502878,0.999427026248853,0.9995691163160365,0.9995137784406369,0.9995598419719864,0.9995666835609682,0.9995419583210803,0.999600855351272,0.999449688988064,0.9995736233214081,0.9996056207127004,0.9996165848993258
0.9967210307670826,0.9974525356365411,0.9975542807264939,0.9981552730550687,0.9982285673268532,0.9980659052079962,0.9987204612801858,0.9982942674074717,0.9988233479702046,0.9987212110846232,0.999263942326393,0.9989483196122294,0.999140782796956,0.9991134627659168,0.9990080856997904,0.9993362952582788,0.9992531503971896,0.9993756070863672,0.9992944336034737,0.9993821818204245,0.9993337355245933,0.999330777733864,0.9994232230878456,0.9995464234377265,0.9995044516307205,0.9995073508715598,0.99939178221582,0.9993875492264913,0.999563550637262,0.9995459353739333,0.9993590842788302,0.9995095882958474,0.9995567836885223,0.9994468254409159,0.999534398063785,0.9995638000715998,0.9995356405217061,0.999628612114505,0.9995803301618322
0.997182264375559,0.9974923223995786,0.9981449092517366,0.998084733517974,0.9979046361018703,0.9983826085207848,0.998554062204704,0.9986967420617717,0.9988490346059411,0.9988264024012454,0.9988314488374702,0.9990963363516638,0.9991140924852425,0.9991095121871528,0.999228945510219,0.9991289521947957,0.9993109732935644,0.9993481040252524,0.9992882075962332,0.9991913806120971,0.9993039736590458,0.9994001641504566,0.9993721024976939,0.9994295211202988,0.9994249956974105,0.9994939162410363,0.9994369072629563,0.9995310433320195,0.9994020998208952,0.9994843357585318,0.9995580014277476,0.9995333947737393,0.9995080880984772,0.9994896243402835,0.9995460335667194,0.9995619674275292,0.9995280416344277,0.9996176398547688,0.9996241606943175
0.9968932613276845,0.9963934887318427,0.9977278628327836,0.9981285745256355,0.9984927144939559,0.9983339471618871,0.9988350240934163,0.9987301196778655,0.9988102234862485,0.9989629264327251,0.9988552094569441,0.9989277141766326,0.9990271258753715,0.9991605902379713,0.9992444487798211,0.9991414521066277,0.9992916687789963,0.999182685898035,0.9993974902999123,0.999458212498688,0.9992449996609353,0.999419251918618,0.9994237227693475,0.9993748597347639,0.9994876822870635,0.9995247014405402,0.9994629117178161,0.9995097315592572,0.9995309356047277,0.9995104863857117,0.9995880121795798,0.9994590170966298,0.9995459355760824,0.9995231483180064,0.9994956013681467,0.9995813899839284,0.999581639195903,0.9996195327038039,0.9996259886896411
0.9961562763176276,0.9969425118411434,0.9974150898239477,0.9981723040858419,0.9984890531731332,0.9986219280048291,0.9988660518922055,0.998889223752168,0.9987159058728361,0.9991972344078432,0.9989538401570319,0.9989928018657379,0.9991318794009898,0.9990883760691908,0.9990305321490122,0.9993126100198714,0.9993142946281022,0.9993175960512987,0.9992726648252336,0.9993048624467337,0.9992901319546704,0.9992932865695648,0.9994614332210036,0.9994687239509655,0.9994600252909277,0.9994616100639512,0.9994376063587501,0.9994842003265083,0.9995207773991709,0.9994815207003862,0.9995351666815411,0.9995485568542227,0.9995806178896458,0.999565773015738,0.9996016880556101,0.9995307764849624,0.9995135649026806,0.999594647923569,0.9995970742331906
0.9965244939508123,0.9974680651938947,0.9978854693451629,0.9978535411775311,0.9983981585269689,0.9986189731257271,0.9987465908887241,0.9989010237190118,0.9989622094388757,0.9989444041463793,0.9989992578591621,0.9990362757948038,0.999074313451836,0.9990744519403345,0.9991612157988593,0.9991638025480807,0.9993054149025392,0.9993187757015417,0.9993552958404556,0.9993548623401659,0.9994482809975522,0.9993911403162615,0.9993733953943242,0.9993543450806905,0.9993075691959229,0.9994235608404242,0.9994387030176006,0.9995019421545469,0.9994992806324422,0.9995731595220044,0.9995334284449013,0.9995547317614315,0.9994837053900946,0.9994580904658221,0.9996593753198694,0.99965108929558,0.9996039846513174,0.9995910780174139,0.9996115534088902
0.9963235421056728,0.9981348246958415,0.9977110803897875,0.9977917519477293,0.9983672603051407,0.9984977479138101,0.9987844291137544,0.9986801933074257,0.9989136414481741,0.9989964083963047,0.9988747654251292,0.9989481479865473,0.9991175456267423,0.9990948712518984,0.9992219369476738,0.9991889413758854,0.9992015514475504,0.9993151813600537,0.999259838877814,0.9993185385049627,0.9993957837430819,0.9994832537239573,0.999357474198918,0.9994728364741315,0.999476719057696,0.9993772390247703,0.9994775362056592,0.999396288534684,0.9994706969850493,0.9995409611620784,0.9994296058261721,0.9994578382341671,0.999505580143106,0.9995900475306364,0.9995752477475496,0.9995093169107001,0.9996120511107248,0.9996860612623679,0.9996409327817508
0.9967993611017271,0.9970525708457507,0.998118059878494,0.9979944679336379,0.9982235397365504,0.9984090867820473,0.9982317485433897,0.9987683371925723,0.9989532199288629,0.9988825068584065,0.9988714868062032,0.9989684399436564,0.9991214895109838,0.9991838973612666,0.999189526444678,0.9991127808573044,0.9992678180718724,0.9993762267976372,0.9991936810601337,0.9993808933865866,0.9992830284007271,0.9994371894108844,0.9993785964011044,0.999524366995975,0.9994954097631471,0.9995875210649854,0.9994890150333648,0.9995496467437127,0.9994792467527541,0.9994096247945649,0.9995026427803888,0.9995137542256555,0.9994652631496674,0.9995120672427443,0.9996044919242094,0.9995479770056713,0.9996325475960761,0.9996056415296509,0.9995428001239661
0.9964810067673546,0.9969790846436244,0.9981131080375913,0.998129954521162,0.9980787906779762,0.998619887792417,0.9986457108692728,0.9988236643099032,0.9986546902621218,0.998964446575577,0.9990005138696146,0.9991341609779443,0.9990926894909363,0.9991464515280102,0.9991621594359983,0.9991524028356481,0.9992240749531275,0.9993519373957336,0.9993023899772977,0.9993235371574671,0.9994223699490704,0.9993022650206727,0.9993863029317833,0.9994079552841895,0.9994603209352804,0.9993627831045004,0.9993853410915231,0.9995154347089076,0.9993757775827787,0.9995054949318228,0.9995817887251508,0.9994529671857942,0.9995040313011929,0.9995487665509445,0.9995465246749908,0.9995932188762627,0.9995800880552089,0.9996019207859026,0.999620935671891
0.9964901125018581,0.9972482727792467,0.9974937171838134,0.9981417563478671,0.9980807976402603,0.9986969091087607,0.9986002317464636,0.9986903768146066,0.9987756457441243,0.9989008843341319,0.998919059275103,0.9989981547973876,0.9990275602762029,0.9992611378090598,0.9991265987968793,0.9992651894251365,0.9992330111945474,0.9991897958170217,0.9994250322181535,0.9993427751624917,0.9993355944783012,0.9993327950609744,0.9993957992478535,0.9994177304827507,0.9993477912216598,0.9994469399690676,0.9994617396615294,0.9994375205668801,0.9995356994698642,0.9995353620259168,0.9994775859483611,0.9995724281243589,0.9995098960990635,0.999608326173687,0.9995845276903292,0.9996163564985588,0.9995860831367833,0.9995253633225194,0.9996074074868445
0.9959991758161985,0.9975807321681125,0.9978236821829429,0.9984041004865556,0.9982495186486653,0.9986153647404409,0.9985773113180446,0.998439705040193,0.9983596111692219,0.9988088935371588,0.999055881930153,0.999081454951944,0.9992464215397078,0.9992308213833054,0.9992211620997666,0.9992787717953922,0.999148838688726,0.9992895486186099,0.9992326494671103,0.9992752060708685,0.9993491601166619,0.9994355351855354,0.9995744822131438,0.999504597112654,0.999508287270345,0.9994528993843567,0.9994736757694848,0.9995214465674739,0.9994765905794863,0.999411811984968,0.9995603419457285,0.9995838253119751,0.9996019011965803,0.9995794259316936,0.9995959638549982,0.9996465086005832,0.9995877556014499,0.9995962825662341,0.9996069784742077
0.9966949304016678,0.9976390107233685,0.9982044675076999,0.9978711366016799,0.9985475500696103,0.9986007815671445,0.9985373476332012,0.9987306270583096,0.9988354516260658,0.9988959698515275,0.998915396073728,0.9988709333026746,0.999137294073571,0.9992575940415612,0.9990575708229268,0.9992883097451786,0.9991184658214178,0.9990073176804596,0.9993968589705213,0.9993914782909211,0.9993984466689193,0.9994129715561506,0.9995610379169744,0.9993475572447331,0.9994430119031794,0.9995226986341534,0.9995372513456291,0.9993772892689691,0.9995085597327218,0.9994939525405325,0.999576775961035,0.9995842508345931,0.9995295902112158,0.9994902767894885,0.9995341027955583,0.9996358526332059,0.9995868253823351,0.9995590417372493,0.9995823766865757
0.9955772816157715,0.9973628137346195,0.9979080480996372,0.9983851870731328,0.9980074624729028,0.9987198228098406,0.9986581976954848,0.9989274227763295,0.9988891334544218,0.9990029983781318,0.999073558290782,0.9989738808727778,0.9992775793453044,0.9989641879845995,0.9993652227440817,0.9992050102951057,0.9993038862660508,0.999460042184381,0.9994318994916895,0.999364293011107,0.9993117786107587,0.9993166992903942,0.9994659660289572,0.9993738114653116,0.9994357671108934,0.999319022680371,0.9994387544280945,0.9995440904607412,0.999481884258835,0.9995205705483994,0.9993508640973343,0.9995527857507381,0.999590722564725,0.9995938853107835,0.9995399930081841,0.999551522701339,0.9995565404509554,0.999627106651529,0.9996195896114309
0.9968675582589694,0.9970535479925637,0.997319150480922,0.9982309016645673,0.9983988950463317,0.9986086556869168,0.9986839212438156,0.9987374919270215,0.9987082250606382,0.9988796636351187,0.9989638023490462,0.9991624044708881,0.9991746431252104,0.9990986259028177,0.9990769938618351,0.9992696659262166,0.9993744254410809,0.9992781530693056,0.9991792203912165,0.9993630754826021,0.9993129068940567,0.9993776273320216,0.999463682663508,0.9993979029648111,0.9993914566024875,0.999528184895739,0.9993341513585415,0.9996287352441842,0.9995505253529829,0.9994979283680167,0.9995593353280645,0.999465849301754,0.9995313356686574,0.9995185576875136,0.9995407181256983,0.9995802504588528,0.9995728695617268,0.9995207469792201,0.9995241062866964
0.9959088519148961,0.9968937730999784,0.9982296219502317,0.9980515661493891,0.9983444391994053,0.9981770889084653,0.9989501012336992,0.9987248506130583,0.998797119727629,0.9989882670495907,0.9991092693097305,0.9990917428366464,0.9992038265559067,0.9990582428011292,0.9992524689181776,0.9992458639541074,0.9993086674531327,0.9992886425744508,0.9993458987275033,0.9993721251473396,0.999405091739034,0.9993766566269029,0.9994221606115965,0.9992326943692779,0.9993701223762927,0.9995629682119033,0.9994608048096786,0.999441463617239,0.9995046856774931,0.9995311724936643,0.999441494172982,0.9995720988883229,0.9996516857331095,0.9995226995813921,0.9994857490609964,0.99954439017083,0.9995826469668746,0.9995877556938061,0.9996483605697591
0.9968740546843592,0.9978090981355063,0.9975551885736486,0.9980841893393242,0.998614718858218,0.9985681318887468,0.998667634455459,0.9988295781489934,0.9989026468109723,0.9989695707831083,0.9992272518317794,0.9990546142723825,0.9990321051908327,0.999166759736035,0.9992941078262125,0.9991002700179655,0.9993312350285152,0.9992222210948066,0.9994000517360369,0.9994260683705939,0.9992488781054951,0.9993840994482385,0.9993803816415757,0.9994371025702814,0.9994401204297342,0.9993812082414355,0.9995452856733843,0.9993589401438381,0.9994798465401271,0.9994468292774407,0.9995364452741379,0.9995966505357831,0.9993619647810299,0.9995334024812429,0.9994963179302571,0.9995456156986879,0.9994945271330352,0.9996240409217779,0.9996119148658832
0.996066225408853,0.9975633658780648,0.9979609358035639,0.9982279292457407,0.9979317180049909,0.9983749151071551,0.9985378751016163,0.9991213049400868,0.9987480287488584,0.9988410998166323,0.9989849356542843,0.9991852617256792,0.999117257477988,0.9990620568497561,0.9992549966077758,0.9991680831087587,0.9991400119435934,0.9993016538166062,0.9993093300878031,0.9992911453998676,0.9994229138491596,0.9993157834437051,0.9994362480093484,0.9994915588851037,0.9993815209306113,0.9994486863878008,0.9994566896352797,0.9995063254274363,0.9994953120867289,0.9995601910655985,0.9994620151068043,0.9995240972531099,0.9994859455996724,0.9996015971142864,0.9996161355808938,0.999538643371951,0.9996000608747871,0.9995992022651645,0.9995407208879719
0.9970849373214438,0.9971170885000111,0.998217611717226,0.9983305854503994,0.9981910231939198,0.9985739758005058,0.9986399176162832,0.9986467337107884,0.998915463547108,0.9988084737644699,0.9989698983674751,0.9988967681541546,0.9991558476715457,0.9991047035804288,0.9990528791473298,0.9991119756431418,0.9992169191585388,0.999005835686188,0.9992503482291119,0.9991051605647823,0.9993705409691253,0.9993526469328073,0.9995161537091547,0.9993427987350761,0.9993489202716777,0.9994210789993533,0.9994623761388857,0.9994528951161233,0.9994826268353878,0.9994611885272419,0.9995275650677288,0.9995707695969211,0.9994751435283632,0.9996081517950796,0.9995073156444548,0.9995640726731763,0.9995011802368996,0.9996238064422358,0.9996552097409012
0.9966059027725492,0.9971653928933515,0.9979743257603935,0.997808492156468,0.9981064823186986,0.9983076091916013,0.9986800150349421,0.9989236053346526,0.9988786545383406,0.9989666082739936,0.99883128015367,0.999255432272642,0.9991636964974496,0.9991878497514773,0.9991694586778619,0.99922038502066,0.9993274586809946,0.9991755600276313,0.9993694274190725,0.9992327868141255,0.9994558974236541,0.9994721076037479,0.9994834165680987,0.9994728823074461,0.9995191556959796,0.9994159664243164,0.9994264517616196,0.9994062007835723,0.9995560058914814,0.9995884739156444,0.9994134635823334,0.9995227840606606,0.999504575130752,0.9995728640950158,0.9996059951947054,0.9995358846103926,0.9996112141032799,0.9994916445249082,0.9996029930976283
0.9969673235742513,0.9972514352688275,0.9975173184732015,0.9984730054226492,0.9986255846241696,0.9986767672455538,0.9981914031463118,0.9989664531671398,0.998951287300418,0.9988896935466349,0.9988918812892331,0.9990223902420645,0.9991078590974068,0.9991113825415602,0.999082611062218,0.9991130671488083,0.9992771616082838,0.9991894646817985,0.9992004430867719,0.9992902130112259,0.999377139411653,0.9994284669304897,0.9994437418839182,0.9994865603550921,0.9993324910033667,0.9994206255496992,0.9994299455849888,0.9994844236824937,0.9995796110572387,0.9994049456956452,0.9995400416003188,0.9995475923270806,0.9995812659461134,0.9995679378100917,0.999575964624269,0.9995289065562493,0.9996243419754687,0.9996259402143642,0.9995374681456378
0.9963875072818846,0.9976290893958093,0.9977672253092295,0.9978775045412672,0.9984272344118207,0.9983170456836836,0.998676313302331,0.9989817849289873,0.998858383849963,0.998864160700931,0.9988937323077144,0.9990552051285094,0.9992080379160475,0.9991851054278421,0.9991286231357441,0.9991746346131309,0.9993074742869822,0.9992262379802177,0.9994651504531543,0.9994513122532724,0.9993920391316166,0.9994353154239543,0.9994725342782008,0.9995291969782334,0.9995436300228194,0.9995298246380233,0.9992968118657237,0.9994776067280129,0.9994516895661871,0.9994853653534724,0.9994595670955185,0.9995068253906612,0.9995083061175116,0.9994824206729165,0.9995564592767638,0.999585446041428,0.9995584522846138,0.9996359537442077,0.9995385097257251
0.9959536781402163,0.9975853175449085,0.9977559322535642,0.9978892248306805,0.9984600527791202,0.9986335467916377,0.9986519083096322,0.9986467409791037,0.9988648161462507,0.9988700093207292,0.9991163746118493,0.9990128323481909,0.9991015585678101,0.9990358032930411,0.9990692164031179,0.9992676950887094,0.9993083382139623,0.9992704754547711,0.9992283915318354,0.9993468445907623,0.9991848279893691,0.9993241376828378,0.999410877122698,0.9995127275666843,0.9993298385701965,0.9994287047307582,0.9993727208777405,0.9995077581705583,0.9994297720683222,0.9994747300929699,0.999575222242948,0.9995604872878449,0.9995619970676873,0.9995538500268816,0.9995264879595213,0.9996617552465406,0.9996139126334452,0.9995679338513636,0.9996356063188321
0.9963786394469382,0.9972985803252797,0.9978250133144602,0.997928282259428,0.99839309618535,0.9984910494294312,0.9986691608923886,0.9987345305669734,0.9987393512140057,0.9988487742609241,0.9989288883764705,0.9991867778522175,0.9991127408313756,0.999095805512088,0.9992015420925933,0.999065206322714,0.9993056158842462,0.9992351551468901,0.9994202360778571,0.9992319014352031,0.999293028381648,0.999338932219051,0.9993104715465462,0.9993099369482314,0.9993776428571531,0.9995518356554266,0.9994863540842773,0.9993788912008643,0.9995279301028074,0.9994936766883061,0.9995364704018458,0.9994398963161955,0.9995836473812522,0.9995447527766832,0.9995174663206831,0.9995355000140039,0.9996168664383899,0.9995201201104513,0.9995412915457396
0.9964190803395759,0.9972387002417388,0.9970417761130054,0.997690303337221,0.9980267922211012,0.9982744258686624,0.9987710352643898,0.9987048775919014,0.9990315122948066,0.9990328400014696,0.9990128508952687,0.9988046233115966,0.9991029947692694,0.9989845128534657,0.9991489133339134,0.9990122702712866,0.9993676668834132,0.9992611118762179,0.9993027298201448,0.9994579566346158,0.9993500194745726,0.9994186154204128,0.9993680700473838,0.9994183896753807,0.9995201011885243,0.9994000045206599,0.9995166486850247,0.9995265571186094,0.9994934111935158,0.9995685812559651,0.9995133661586978,0.9996165752724664,0.9994590548995682,0.9995000383622912,0.9995253962753688,0.9995167240945041,0.9996006783670919,0.9995982711125023,0.999627128015322
0.9961432704190003,0.9976487475735825,0.9976634928170411,0.9978458161624691,0.9982558911765849,0.9982506874329772,0.9982431367414188,0.998362854044211,0.9988420231848285,0.9990886532832703,0.999004306887317,0.9990577622311126,0.999107101152067,0.9991425628694799,0.9989567097334734,0.9992648877071968,0.9992867889095368,0.9991670827982733,0.9991509632946529,0.9994688989825327,0.9992296224419247,0.9994014534224798,0.9993670683343207,0.9994673381779301,0.9994549264610222,0.9993824866254493,0.9995137669720893,0.9995393155717545,0.9994682369761655,0.9995962895569738,0.9995398434831498,0.9994971663128936,0.9994301363185131,0.9996083711963635,0.9995845360319567,0.9995426302644236,0.9995467851472631,0.9995733054407024,0.9996514148610355
0.996874397406431,0.997341245581106,0.9979994716806632,0.9979421461854479,0.9982306865423273,0.9982831007022789,0.998614242916733,0.9987192578322032,0.9988575955876876,0.9986149139036861,0.9987817992156117,0.9990087199472637,0.9991920738307543,0.9991542025566318,0.9991086295066389,0.9993161970135659,0.9994143345144704,0.9993275170982305,0.9991686450988879,0.9994283243500109,0.999361270141802,0.9993774602354588,0.9993068351378865,0.9994069103733503,0.9993847606833193,0.9994143080529339,0.9995824414598258,0.9993988399864971,0.9994365999188006,0.9994346273955897,0.9995206166765235,0.9995832435658414,0.9994464268811577,0.9995920289657778,0.9995603584407461,0.9995092908335954,0.9996515445845391,0.9995663077498331,0.9996350661962929
0.9968190740905583,0.9972350956191353,0.9974648056975384,0.9982581751978425,0.9983809150327231,0.9982871702125778,0.9987084114769867,0.9987484901699626,0.9985778473128853,0.9990573888369433,0.9990853725720906,0.9990176196092001,0.9990885898280923,0.9993071291711684,0.9992314245114513,0.9991672272918518,0.999106103856975,0.9993787296483028,0.9993452820684627,0.9992786199650969,0.9993394966448723,0.9994712935029721,0.9993882772603667,0.9994008203680217,0.9995030858329166,0.999380678603166,0.9995282359660781,0.9994504653143154,0.999430385544182,0.9994275286384604,0.9994446023506453,0.99955240726399,0.9995984124197673,0.999570891144247,0.9995241913488825,0.9995103411418008,0.999557609439828,0.9996440566282309,0.9995111765788173
0.9969371891876098,0.9978496040612806,0.9978113888860111,0.9980954223269904,0.9979241628282439,0.9988057445300202,0.9984505839703699,0.99884865742207,0.998973124926258,0.9989082095424493,0.9991838319127568,0.9991086023528345,0.9990384050981839,0.9990260703214476,0.9990788680119985,0.9990635879612464,0.9992164788220808,0.9993543196476643,0.9992197125581538,0.9993534093208569,0.9994521226691508,0.9994888628319428,0.9993349699732524,0.9994245256613599,0.999467774271092,0.9994834583412537,0.9993843670320326,0.9995076191015206,0.9994403710958651,0.9995238341200117,0.9995078700431115,0.9995032392353596,0.9996004969169804,0.9995300542198196,0.9995582190828999,0.9996521645890674,0.9995287926574603,0.9995443673082118,0.9995933530444912
0.9962079612920429,0.9973265486038273,0.9973597331905228,0.99801790771927,0.9981282759313922,0.9986710910172059,0.999205348083332,0.9986354771462557,0.9986775023866286,0.9987763864238929,0.9990229428608018,0.9993510417939397,0.9991708228007452,0.9990349972549619,0.999167528805682,0.999099987670655,0.9992988933981738,0.9994039263423821,0.9993840657556715,0.9993912495269578,0.9994161321227114,0.9993640818927214,0.9993969575883094,0.9995020205926982,0.9994640523992597,0.9994865546580838,0.9994937184080566,0.9995063899665089,0.9994462416093668,0.9995760867839889,0.9994862193794258,0.9993746409149836,0.9995839730368451,0.9995001275116024,0.9996052986405068,0.9995609479823371,0.9996169267010275,0.9995739993814023,0.9995637197256799
0.997189367977529,0.9968604798657698,0.9978027270147537,0.9979712057635117,0.9980919915367609,0.9984415857254552,0.9986908833278891,0.9985625130762279,0.9987696427337414,0.9990382021594013,0.9991351054796592,0.999047336441417,0.9989349717105805,0.9992240048794476,0.9988048303062568,0.9992021879436025,0.9992762925250823,0.9994889365885599,0.9992469414056718,0.9992967554729131,0.999281036512132,0.9993226934656282,0.9993552441735646,0.9995152789811452,0.9994762325262022,0.9993328547871587,0.999501605531775,0.9993868780273883,0.9995421314884921,0.9995192895333538,0.9995617971790474,0.999515754069572,0.9995859929625438,0.9994085298158352,0.9994646611440766,0.9995629125115274,0.9995845824710476,0.9995877132929064,0.9996493167660553
0.9971865178345753,0.997189628365739,0.9977669368519964,0.9981088300813947,0.9987536723298561,0.9985366391700449,0.9986341624744173,0.9987352061255188,0.9987838098499092,0.9988209180848864,0.9991235496086318,0.9989497414097648,0.9990659799196968,0.9991649795691226,0.9991149721387789,0.9992197489517057,0.9992313524708819,0.9992114838344373,0.9992180259558202,0.9993918832604969,0.9992884891489439,0.9994179015128194,0.9994239424106315,0.9995414541759572,0.9994908019507851,0.9994756050387159,0.9995191164882054,0.9995108277995515,0.9995297779900374,0.9995920440609875,0.9996393110278119,0.9995907796079403,0.9995307988717699,0.9995923440276093,0.9995579389694422,0.9995519325338628,0.9995746391582774,0.99968769665568,0.9995348210359514
0.9966856822672795,0.9975709530878484,0.9978651264075284,0.9981590441589552,0.9980194473201405,0.9986527052127192,0.998566940989293,0.9988447990353506,0.9987553164460988,0.9987606704479937,0.9989388647072982,0.9989713185980624,0.9992262452947793,0.9991274058038404,0.9991210284001802,0.999308244111485,0.9992024100427033,0.9992615147755223,0.9993796397363414,0.9992445593340682,0.9993802078455208,0.9994043386768244,0.9993885954764312,0.9994012384139432,0.9993890283206097,0.9994760893202506,0.999480607644958,0.9994034327544088,0.9994787302890737,0.9994855722941774,0.9994830568802606,0.9994455311573496,0.999540205102693,0.9996229824347506,0.9995186651670142,0.9994716970992353,0.999562018062204,0.9995064416269153,0.9995829343611095
0.995835115167647,0.9975934063921705,0.9979085499889295,0.9981020061858115,0.9983144728209015,0.9981257173160154,0.9986912251794392,0.9985774717079798,0.9989715145418947,0.9991386749543871,0.9990512837733688,0.9989157927706005,0.9991311524174362,0.9992260953828529,0.9991075963769639,0.9992456041770396,0.9991554389248187,0.9992336884523098,0.9992140333563669,0.999257494981511,0.9993739056056488,0.9994306517333369,0.9994692766918892,0.9992293893381519,0.9994701834871733,0.9993961446211334,0.9993811418102891,0.9994798450373548,0.9995184863112148,0.9995501907626071,0.9994639344436436,0.999575938897242,0.9996411824108292,0.999597161876651,0.9995109707549918,0.9996301896644899,0.9995705362301323,0.9995977820691735,0.99957388638129
0.9958230561281272,0.9974906487035997,0.998283648925191,0.9982880035011205,0.998444830817235,0.9985476490135909,0.9986899851794193,0.9985951877802276,0.9989991378453207,0.9988238454376754,0.9989541745162769,0.9991372257341246,0.9990859191237011,0.9989084117448727,0.9991012823266635,0.999213649393861,0.999217507717598,0.9992475029816069,0.9992975274331904,0.9993330248788836,0.9993820916143015,0.9994350976937513,0.9993107160453911,0.999409056582267,0.9993460428900846,0.9994653826442699,0.9995069938031108,0.9995621352975768,0.9994691173545406,0.9994111728979997,0.9995116109614721,0.9995151716294448,0.9995170429070028,0.999519436551197,0.9994758183900112,0.9995406612395212,0.9995388507118883,0.9995576817132853,0.9995908838538495
0.9964777594683107,0.9970598008161354,0.9973618210719705,0.9977338313678157,0.9982895269026538,0.9981470478463239,0.998626672676056,0.9986126078333702,0.9987553892113229,0.9988891438508387,0.9989985523747277,0.999130608881221,0.9989196492237299,0.9991505684477622,0.9990280391184864,0.9991046392157533,0.9991964483230888,0.9992793599236899,0.9993716038766725,0.9994831657033151,0.9992274037405022,0.9992580643235555,0.999353084471973,0.999451957617494,0.9994008932231926,0.9993678460188355,0.9994591809444521,0.9994687161504275,0.9995154560745009,0.9994700384477617,0.999539122820509,0.9995075072131901,0.999577892026705,0.9994895429153223,0.9995549983450838,0.9995574634685355,0.9995658299001273,0.9995308695601828,0.9996125746265833
0.9963992517012692,0.9970228245504302,0.9977118480281253,0.998516897617492,0.9983066559941738,0.998420314146568,0.9984920546113427,0.9986446079767975,0.9987181892939492,0.9988968935777501,0.9989868873597828,0.9992549340671997,0.9991892552334706,0.999148416489664,0.9991029192567799,0.999314878255522,0.9992944167155184,0.9991355822968844,0.9991697061745521,0.999302098767128,0.999361055108458,0.9993678145843079,0.9994595014695734,0.9994517267624817,0.9994737164210395,0.9993391432779521,0.9994892097657289,0.9995367323938337,0.9994583522677014,0.999501807512969,0.9994584477401492,0.9995110016052886,0.9996037890451724,0.9995130262715571,0.9995678363440212,0.9995829247318361,0.9994770703078495,0.999624625271348,0.9995490624604054
0.9965569821393909,0.9972718994625818,0.9977859199826621,0.998202982468109,0.9982393927484325,0.9984368724947984,0.9987292906626161,0.9987300892003546,0.9985372581567404,0.9989100222110276,0.9989855958215769,0.9990369965757535,0.9989705848551014,0.9991386856929177,0.9992703060778292,0.999230531088115,0.9993098104482168,0.9992860559747639,0.9993898722505441,0.9994270831997536,0.999397838523784,0.9993609191159766,0.999439902013142,0.9993192379349469,0.9993332632409144,0.9994437330358735,0.9994474105078225,0.9994616694668665,0.9994629415804254,0.9994964746745306,0.9994762127839717,0.9995353185923663,0.9995332814332214,0.9994784555668306,0.9996191576449553,0.9995189402401174,0.9996156149960046,0.9996442523273539,0.9995963844730077
0.9964013900199576,0.9976443231125829,0.997861892684864,0.9977884310873286,0.9980102915385307,0.9987113101090443,0.9986126132378162,0.9985262143752255,0.9989313676271859,0.9987401973583672,0.9987338869287402,0.9990186151077483,0.9991944492529545,0.9990004454872854,0.9992545084672869,0.9993025008363128,0.9991043233651986,0.999335942235756,0.9993408385845064,0.9993646034815216,0.9993455185089055,0.9994471329438439,0.999390374453364,0.9994604846418425,0.9993899867062175,0.9995003664333145,0.9995322409181808,0.999520433991677,0.9995116094151215,0.9995600732868051,0.9995459359496351,0.9994943111668323,0.9995568693778273,0.9995043752281495,0.9995767464423305,0.9996138449419825,0.999573987311951,0.9995446604635749,0.9995605043033753
0.9964178980711035,0.9972137279628795,0.9981535697439317,0.9978424976825199,0.9982189409134101,0.9986251086514804,0.998659919204777,0.9987114068863012,0.9988179612185992,0.9989509613674478,0.9991174178741564,0.9991149887976949,0.9991706475269365,0.999215124437407,0.9990886309275204,0.9992456613477714,0.9992479688609489,0.9993145631571673,0.9994477812742185,0.9993757676266577,0.9992395530819363,0.9992565598669535,0.9991905616158501,0.999568430537561,0.9994636783833466,0.9993944632555819,0.9994935569261145,0.9994873251859812,0.9994798548923854,0.9995520090315995,0.9995666168084467,0.999497487689494,0.99952254000525,0.999551925416751,0.9996481213587641,0.9995737250695179,0.9996193803462234,0.9994569999283555,0.9995745539461021
0.9964667847537411,0.9971447504633092,0.9984222660810127,0.9977988447051082,0.9985498067244644,0.9983924566394018,0.9984840258116277,0.9986242080603205,0.9988749774299015,0.9990439958653342,0.9990264015008009,0.9990142717669059,0.9990023142402309,0.9990101894785258,0.9990845590351131,0.9992296880486188,0.999168677810436,0.9994241526020997,0.9991827363872186,0.9993511621954094,0.9993052840895773,0.9994489406461482,0.9993503308018042,0.9993686299850506,0.9994627706054082,0.9995113899028337,0.9995128750071733,0.9994858665878685,0.9995037381677748,0.9995007702510358,0.9994926527834508,0.9995743918344794,0.9995723903644327,0.9995525492257076,0.9995121403924829,0.9995594214864226,0.9995132988657747,0.9995745743403704,0.999547554681218
0.996451702091314,0.9971633050963874,0.9976966159179294,0.9982775443896265,0.9981412701187782,0.9982780335068998,0.9988489518689394,0.9986545910559569,0.9990487733563684,0.9989492101824264,0.999141585480542,0.9991964731225124,0.9991126845486236,0.9991698488978976,0.999201623377612,0.9991328438395117,0.9991346403211365,0.999370667535902,0.9993689361495306,0.9993937410675791,0.9993818327367346,0.9993837184097037,0.999329564558547,0.9995095880297127,0.9994486637376666,0.9995485883758476,0.9993481162444752,0.9994806919489527,0.999503520313512,0.9993807472066801,0.9994766912672547,0.9995369901712552,0.9995065018603313,0.9996050274941818,0.9996055576833631,0.999515038530382,0.9995278555097971,0.9995225801669381,0.9995588308146867
0.9965072383755622,0.9972145118052277,0.9981333283018743,0.9981475335652272,0.9982110143151447,0.9984965906748765,0.9988151181643846,0.9987757146587269,0.9990218456472815,0.9990119491437585,0.9990215315425106,0.9989086994254434,0.9992320814704071,0.9991040293566086,0.9991704734959982,0.9990860738362861,0.9992145006942248,0.9992045562912762,0.9993794990379884,0.9994591575098859,0.9992860985518945,0.9993238613106475,0.9992347504621115,0.9994210966360002,0.9994229181875315,0.9994076904307668,0.9993972717992141,0.9994293789168452,0.9995127858919989,0.999456685277935,0.9994646512581211,0.999428156547128,0.9995816892134446,0.9994449953297113,0.9995029704999892,0.9995004589972619,0.9995624141093199,0.9995765434258533,0.9996105980603212
0.9961797480966367,0.9975074640689612,0.9979627647361524,0.9975609928925404,0.9982169897844705,0.9985439148260945,0.9985552614312788,0.9988056835441127,0.9990307272235367,0.9990051398752172,0.998923754509346,0.9989654672447683,0.9990452738079868,0.9991813946850718,0.9992033738098677,0.9992838432817234,0.9992799743961583,0.9992239487193274,0.9993270242210204,0.9994552116603335,0.9993698006863062,0.9994807053886454,0.9993863912878334,0.9993280296994845,0.999378980326262,0.9994235140994399,0.9995324633294554,0.9994901391493166,0.9995560389094094,0.999466184027886,0.999496256302833,0.9994458076024366,0.9995795602823155,0.9994561909506074,0.9995713772551797,0.9995385683790046,0.9995980721782068,0.99957540813282,0.9995662156475363
0.9972259796394496,0.9978924741843543,0.9975312991402404,0.9981974113783789,0.9983853506500568,0.9984875038116998,0.9984638968947784,0.9984994337999094,0.9987140472524204,0.9987225892653173,0.9991746694366511,0.9991984717322642,0.9991144522449961,0.9991387091580427,0.9992390697608688,0.9993183460030797,0.9993942725088604,0.9992767088772728,0.9992760599204845,0.9993318503786798,0.9995367602925352,0.9993472624611519,0.9993215838689149,0.9991958142357302,0.9994023464080455,0.9994733077042561,0.999525280442663,0.9994011904790726,0.9994111948280905,0.9995148435048952,0.9994818230930723,0.9995371092626978,0.9995315694826178,0.9995269441741913,0.999551208505824,0.9996754537033132,0.9996244915812684,0.999616071978078,0.9996017247476144
0.9968490837500237,0.9975361292780135,0.9976957436054047,0.9979172883816555,0.9986594784680609,0.9986652701255718,0.9984932583978193,0.9988751108969899,0.998963377704072,0.9989724842339278,0.9989225070517395,0.9991381995381405,0.9990691116593627,0.999055687903626,0.99907150158782,0.9991501332425211,0.9992964827070184,0.9992492128673215,0.999363198189815,0.9992429523433709,0.9994043053880202,0.9993471197753664,0.9992989242458249,0.9993379152731467,0.9994924540644493,0.9994277071251495,0.9994648956886855,0.9994628584179307,0.9995201173829631,0.9994256965321798,0.9995814677312962,0.999537134036949,0.999625020032775,0.9995181270455954,0.9995418214653932,0.9996017647193302,0.9995672659131831,0.9995909101988539,0.9996546513039375
0.9962012915406344,0.9969739551754877,0.9976512811672632,0.9983514743140829,0.9982584401281585,0.998520913331874,0.9986203293064358,0.9989026766552569,0.9990023731025057,0.9988626752878319,0.9989474668719711,0.9990135391041585,0.9991997810987976,0.999055493749088,0.9990692647587058,0.999234852012642,0.9992917264271985,0.999200405559398,0.9992922336884994,0.9994086525175184,0.9993309914463809,0.9994667445194154,0.9992558165095283,0.9994533193401073,0.9994001443659066,0.9994923380994227,0.9993990714979973,0.999462996042193,0.9994972122647808,0.9994898549128413,0.9994616447972319,0.9994949716473297,0.9995499914146804,0.9995569715498662,0.9995313794389924,0.9995596779362197,0.9995658163410159,0.9996026876844879,0.9996101161429607
0.9968996223582901,0.9970349870318254,0.9976838208267499,0.9976947678006983,0.9981312821291254,0.99830639416121,0.998595852874208,0.9988683124247791,0.9988451292642994,0.9988311506048835,0.998931958828699,0.9989617482523114,0.9989006014766442,0.9990117314508706,0.9990418372653787,0.9991370875092217,0.9993664497169145,0.9993020419371367,0.9994483179114118,0.9993717483770319,0.9992914767116295,0.9993734561511267,0.9994479552091732,0.9993994577078611,0.9993902749373732,0.9994915326161207,0.9995079077423887,0.9993819814782221,0.9994055828734779,0.9994327670327664,0.9996473408692392,0.9994318777678208,0.9995529163766853,0.9996188313904695,0.9996550784611511,0.9995724472939194,0.9995785374550078,0.9996461492492468,0.9995149529613272
0.9963600243713622,0.9974388372301494,0.9973370249206497,0.9983651745481039,0.9980952581772974,0.9984916477107255,0.9986212723642247,0.9987444107290296,0.998882680405504,0.998898843265829,0.9988239756192857,0.9991588746142105,0.9990933196765068,0.9991403349237831,0.9991370631156966,0.9992842300743,0.9991898742958719,0.9991679979613923,0.9994612357983887,0.9994009806377542,0.9993622936084935,0.9993508105356481,0.9993314390685903,0.9994349313035177,0.9994110800968982,0.9994182309200059,0.9994594655964668,0.9995077183307618,0.9994245819776024,0.9995053633110129,0.999579525167584,0.9995812662965647,0.9995294160745801,0.999623713169238,0.9995995285561159,0.9995425494822893,0.9995588548967836,0.9995772913814276,0.9995810237049711
0.9963614849419791,0.9972547986000432,0.9976857423438396,0.9978794789773789,0.9985781867375473,0.9984233181449331,0.9985470295886201,0.9984564221247633,0.9988041264238596,0.9987779025422051,0.9988132444230735,0.998964546445837,0.9991510440445751,0.9991462235472693,0.9991931816497127,0.9991341099460433,0.9991195635830679,0.9993213502146686,0.999358964537423,0.9993745709693933,0.9994425910074956,0.999468183444309,0.9993529246952075,0.9993311337808839,0.9993596057872042,0.9995113570266139,0.999358387045302,0.9995257823878294,0.9993830639244566,0.9995452317314445,0.9994515636682322,0.9995253682967776,0.9995832613224814,0.9995473216849963,0.9995848627533215,0.9995104640935992,0.999604237942888,0.9996632942505117,0.999643709128418
0.9962401107347257,0.9976187852414476,0.9977416752949954,0.9981294149518022,0.9981657237571149,0.9988768990253525,0.9986246201788104,0.9988196243182474,0.9988810637476555,0.9991153533508755,0.9989290377533727,0.9987644780682592,0.9990863605189021,0.9991889107477112,0.999220633958333,0.999154592734833,0.9991608116739774,0.9992385722658514,0.999300229979087,0.9994301965752879,0.9994044515024835,0.9993309455588224,0.9993676646811531,0.9993853076290251,0.999450856853494,0.9995106126629825,0.9994386852859302,0.999438941773936,0.9996024272953864,0.9994504339811497,0.9994993259284425,0.9995699256759628,0.9994352676178827,0.9995385806656178,0.9995939294688088,0.9995496035840653,0.9995601690831831,0.9996059601691769,0.9995450941570141
0.9973609903876955,0.9973716743894596,0.9979837031816728,0.9983110007135103,0.9984557047351496,0.9985639368874183,0.9984165164628029,0.9986044842246296,0.9987402498854372,0.9986716921350889,0.9990339844517092,0.9991409602540956,0.9989748164207658,0.999148182061224,0.9990470507818321,0.9991803959766782,0.9993376064035159,0.9992694801628114,0.9992902723998642,0.9993709751921362,0.9994400105525668,0.9994421745078484,0.9993616906445656,0.9992487288026406,0.999487321660019,0.9994600039129057,0.9994929529702502,0.999557288302374,0.9995782509866699,0.9994156876419547,0.9995357311371025,0.9995639838510615,0.9995815768608698,0.9994956006665997,0.9995505285202246,0.9995324009895113,0.9995627385788046,0.9995051256097421,0.999504094450789
0.9968468489194422,0.9976359269129562,0.9978663499453533,0.9985387926436744,0.9987957908494144,0.99856880928271,0.998567296703124,0.9986929990973419,0.9989798284622798,0.9986807831208032,0.9988911257249435,0.999097507087322,0.999065652515282,0.9991900150314286,0.9992098684613426,0.9990279629668144,0.9993212179396151,0.9993855611704188,0.9994385770508933,0.99939561523383,0.9993045151421457,0.9993137765105712,0.999453693869832,0.9993847982147667,0.9994546493627301,0.9994875385501827,0.9994625299240654,0.9994135425219018,0.9993481539645248,0.999509311123562,0.999595652590914,0.9995620273849687,0.9996044215897819,0.9994935826668143,0.9995560865759131,0.999559432354196,0.9995308591845599,0.9996238703775647,0.9995541781979409
0.9958380309711266,0.9970530486070893,0.9972832159062609,0.9981935813857956,0.9982085518153438,0.9984817698589147,0.9984710932201237,0.9987765230918468,0.9984597693976227,0.9989473078201613,0.9989555363527088,0.9989578421690257,0.9992575321909798,0.9990995381973307,0.9993584020739857,0.9991648963230259,0.9992155423286155,0.9992384244592146,0.9993988666117588,0.9992574406917547,0.9995254221951954,0.9994480953151549,0.9994455787409874,0.9994904315908416,0.9993660120653867,0.9995495570390736,0.9994587593622111,0.9993636750736012,0.999541670081411,0.9995643893482501,0.9995617459176419,0.9994787931762135,0.9995660977042606,0.9994579725013312,0.9995145520371405,0.999586136718246,0.9995648281315261,0.9996172523113072,0.9995938029579015
0.996779415431285,0.9974258498903191,0.9977827279546543,0.9980733017389615,0.9986135886224877,0.9987839341228469,0.9985258377543063,0.9986326876953291,0.9987590652884216,0.9989468325502452,0.9988525446873616,0.9990172245610428,0.9991655762220584,0.9989924935176121,0.9991598689175744,0.998929590680282,0.9991796554259326,0.9994397043100868,0.9993518962446033,0.9994113907035042,0.9993549111646965,0.9992690805501081,0.9992921764562025,0.9994415358236636,0.9994132128616338,0.999476144532531,0.9994701580659071,0.9994845113854797,0.9994087586950618,0.9995809080215818,0.9995153714975493,0.9995733325964936,0.999610303772162,0.9995045175271676,0.9994960262350562,0.9995486023319973,0.9995896552704334,0.9996241229688947,0.9996091019545439
0.9966830301666678,0.9971904361711009,0.998017468283796,0.9983021920753686,0.9982855269488591,0.9983995268396926,0.9985455668409209,0.9986130243701306,0.9987167874838052,0.9988685461650547,0.9990696551181891,0.9988195104224489,0.999172113541206,0.9991323343774132,0.9992780797710596,0.9992741565414058,0.9992784517184087,0.999312492574138,0.9993015888942716,0.9993162622502505,0.999341712985253,0.999524476632327,0.9994022510489273,0.9993647652427414,0.9993437109668559,0.9994902048547714,0.9994347060124784,0.9994869578434021,0.9995285379793373,0.9995051070017258,0.9995146224558131,0.9995879444635886,0.9994828138140099,0.9995645474515669,0.9995813928997975,0.9995591866872825,0.9995900815215586,0.9996126784148927,0.9996356730270783
0.9971229168960937,0.9979105082307698,0.997416737915292,0.9977990081654484,0.9983016156318787,0.9983807160284248,0.9985638801267375,0.998756536660958,0.998607105611341,0.9989450118923314,0.9989201817182715,0.9990396427148678,0.9989463769796619,0.9993170385420558,0.9992850388614296,0.9991610655877093,0.9991417469157462,0.9993680089074115,0.9992010105280078,0.9993698580145826,0.9991844984244744,0.9993896621633132,0.9993683770433587,0.9993805151082675,0.9994431069392399,0.9995143952277334,0.9994559600456069,0.9995152594917488,0.9994200944673057,0.999523815735897,0.9994475624621496,0.9994357530332884,0.9996029247824046,0.9995273211669121,0.9995504572599121,0.9994457865475876,0.9996077740178064,0.9996713840886722,0.9995755689218428
0.9966691147742915,0.9976559470934645,0.9977056341801426,0.9982597362408346,0.9984131249851665,0.9982322987019006,0.998883847832223,0.9988237952400794,0.9988614142798996,0.9988576462360416,0.9989457078653855,0.9989072393294742,0.9992173805865383,0.9991556901850187,0.9990983095759972,0.999322231854509,0.9992710644728767,0.9992556366476102,0.9994267383069434,0.9993775316956823,0.9994742533555249,0.9994149577569338,0.9994191435734663,0.9994592930851929,0.9993463709296462,0.9994146453143936,0.9994189766761588,0.9995062764511022,0.9995317526475213,0.9994797038761831,0.9995221710691744,0.9995511242047157,0.9995491044628674,0.9995423930616636,0.9995997016958655,0.999607098137821,0.9995867108011857,0.9995396374730628,0.9995727290270167
0.9971716136471097,0.9973466583291601,0.9980014829570338,0.9985095975128183,0.9983891568430662,0.9982284185671529,0.9986985481519532,0.9985995708452787,0.9989136548920232,0.9988365545442962,0.9990011348969924,0.9992006411136531,0.9991847706568592,0.999075766920907,0.9992780204204667,0.9992658688808872,0.9990695318517545,0.9992800120288522,0.9993754517075009,0.9992526581125584,0.9993850828613664,0.9994263158658696,0.9993529884264706,0.9994329746031375,0.9994488263752275,0.9996367314810769,0.9994553165808906,0.9995539974936585,0.999487479489548,0.9994809831688719,0.9995214716398807,0.9995371000203692,0.9995041084960318,0.9994536777818771,0.9995695560071252,0.9995052622476122,0.999647150238404,0.9996361663513749,0.999608291561244
0.9969870460715456,0.9966873498809385,0.9980242596585583,0.9978395668499792,0.998022808374519,0.9984292572838674,0.9986782528125747,0.9986860095030937,0.9987290405591137,0.9987940039495962,0.9990922459081811,0.9989120140842096,0.99898795736564,0.9989736743142358,0.9991501884036599,0.9992838144818348,0.9991955565279175,0.9990975026855381,0.9992252226572955,0.9992721222433173,0.9993009792452412,0.9993687841600999,0.9994983741605452,0.9993901112231833,0.9993851073457385,0.9995592547898574,0.9994742209727662,0.9994789435848598,0.9995159499140993,0.9995163151350952,0.9994484630997132,0.9995608921636555,0.9995292883336301,0.9995434743127432,0.9995148393336578,0.9995288731339829,0.9996640590072959,0.9996309788505466,0.999645320147954
0.996993164710115,0.9973175671602362,0.9974588478138905,0.9977952739122363,0.998586508920234,0.9983393644748025,0.9985792742116362,0.9990076156672435,0.9987015604131108,0.9989291404705675,0.9988600793795348,0.9989803159452989,0.9990560718595066,0.9991959991992508,0.9991834018805483,0.9993450392256842,0.9991461404618999,0.9992079498918149,0.9992798867265873,0.9994723793180973,0.9994170907038653,0.9993551927740447,0.999347945036525,0.9993828156869199,0.9994505237030928,0.9995040631199215,0.9994682180579746,0.9994962434679922,0.9995312254978566,0.999513597711401,0.9996256500882431,0.9995257519348552,0.9994998826565411,0.9995211532089471,0.9994537975408606,0.9995809729290802,0.9994525395909745,0.9994961825013036,0.9996398644087201
0.9957187407834304,0.9974199032746031,0.9976736813448267,0.9978774699605771,0.9982383248044046,0.9982264651154401,0.9983319559069229,0.9985496019228984,0.9988445245692041,0.998843603975535,0.9990428093914271,0.9990883944846374,0.9990275709243416,0.9991712936105881,0.9992141682074024,0.9992119460754373,0.9992806028440578,0.9992477865177235,0.9993377910515652,0.9993142257553974,0.9993475208029087,0.9994749862348979,0.9992330422050539,0.9992892564481747,0.999384578887075,0.9993971860014297,0.999447015890008,0.9994910719733912,0.9994927944172548,0.9995135678667195,0.999555057393669,0.9994413845569305,0.9995638656807616,0.9995106561764988,0.9995935113331734,0.9995694717056557,0.9995956134884187,0.9995541476945262,0.9995299099013648
0.9968493632762353,0.996621333800745,0.9973188118755161,0.9981150190537995,0.9981325175401854,0.9983687005426195,0.9984602582726096,0.9986670828092479,0.9987585767916181,0.9989116391559715,0.9989058818033567,0.9991196235826948,0.9990785870974772,0.9990760240856931,0.99915223149736,0.9990876616927886,0.9994055342260848,0.999330349120196,0.9993825050775135,0.9992771199989994,0.9994925330936436,0.9993416308359092,0.9994276692468327,0.9993726226800044,0.9994520191956284,0.9994866076486937,0.9994454250494168,0.9995030950709547,0.9995430418305163,0.9995054505081956,0.9995480785567766,0.9995297992348813,0.9994947451643558,0.99960848219939,0.9995438643352093,0.999577294822534,0.9996178379737205,0.9995875670793576,0.9995637938857228
0.9962393826105344,0.9969575999008932,0.9975490192324038,0.9979950047298441,0.9977981330109924,0.9984344492328483,0.9985670281918785,0.9986690195441639,0.9989277570209899,0.9990140270930087,0.9990529442695545,0.9988988538805796,0.9990017213138679,0.9991451577652315,0.999187551212513,0.9993482531538065,0.9992450924330117,0.9991955240918036,0.9991916009029294,0.9993532843666948,0.9991878931132357,0.9993670352682467,0.9994989401030668,0.9993880885020574,0.9995012100705105,0.9995013450349303,0.9994895261641317,0.9993608580921715,0.9994906974641501,0.99955832163364,0.9994868479921707,0.9994931887431491,0.9995900869106542,0.9995451976230079,0.9995649813625707,0.9995157625321682,0.9995479272002683,0.9995527003822665,0.9995715189950906
0.9971214288084009,0.9979602117431706,0.9980070297164261,0.9983079607476304,0.9981792583798322,0.9982949905594596,0.9985974672352292,0.9988577012525545,0.9985030487045955,0.9990290380937092,0.9989145139762304,0.998955567720437,0.9990563446611745,0.9991586518736201,0.9991527543951024,0.9991384098978645,0.9992387484862,0.9993711752445583,0.9992192523992202,0.9993614701908581,0.9994012086070329,0.9993218402809725,0.9993350763249229,0.9993745170614283,0.9993689908255852,0.9994278092932309,0.9994313497101865,0.9995281204228682,0.9994743592335874,0.9995173158063125,0.999567091734936,0.9995221106612829,0.9994491812111068,0.9994899428637105,0.9995928290634303,0.9995606697607206,0.9995643488860225,0.9995647585406886,0.9995253763641414
0.9964064073391581,0.9978302606819698,0.9973139004107415,0.9980393131401235,0.9981558376804673,0.9984269691075994,0.9984030401021613,0.9986563057253869,0.9988080877012121,0.999015278513383,0.9988837960426549,0.9992823460932897,0.9990849840734504,0.9990693884282958,0.9990121746357652,0.9991209233618782,0.9993795803298243,0.9993488688482288,0.999344949358556,0.9993116621452275,0.9994269844546513,0.9992400017557874,0.9993357226771266,0.9993611501124565,0.9994837914378217,0.9994276842968525,0.9994157150387192,0.9995295307674144,0.9994761189200452,0.9995235598817005,0.9995477678723784,0.9995571700694341,0.9995679270211144,0.9996018843690284,0.9995419800169778,0.9994850882094531,0.9995143809836653,0.9996109103195859,0.9995866395610958
0.996654614686381,0.9967848623305584,0.9981988202938885,0.998205919899008,0.9982825264171464,0.9986281758424809,0.9987420636445457,0.998725909136736,0.9989915407814127,0.9988888146423166,0.9991809177645946,0.9989876379379261,0.999066464299233,0.9991694283705801,0.9991716461972047,0.9992704120205095,0.999195804397284,0.999285365561279,0.9992791360542007,0.9993343805835287,0.9993670435099672,0.999357826652894,0.999285836556915,0.999407759887169,0.9994830659250864,0.9994233582423937,0.9994168069928853,0.9994938999023633,0.999463301430558,0.9993516948105807,0.9995178222029876,0.9995857722208915,0.9995523975657475,0.9996540933838759,0.9995071214576458,0.9995758829992354,0.9995828361617994,0.9995783121456698,0.9996169756814225
0.9960934653307432,0.9977063687529183,0.9969701464983408,0.9982044751462062,0.9981399496074546,0.9986471189290771,0.998805285437214,0.998886850707188,0.9987219995283063,0.998789466654127,0.9988175967149171,0.9992037351726866,0.998963798971546,0.9991913366734438,0.9991943596397304,0.9992042467537114,0.9990441435734922,0.9994255527760217,0.9992486790612509,0.9993527526286446,0.9994199745686819,0.9993070953312678,0.9993739868536633,0.9993788149933083,0.9994278606467564,0.9994918420912207,0.9994667503852596,0.9994125408347951,0.9995400878047667,0.9995089979987491,0.9994878725187609,0.9994787429010326,0.9995610618679395,0.9995497670786576,0.9996728598248837,0.9995957360048178,0.9995432425633456,0.9995042586300056,0.9996642101240817
0.9967225950021668,0.9974006360758095,0.9973055338119671,0.998060501726554,0.9981153764147412,0.9984105802022853,0.9987416964859999,0.9988410527178058,0.9988233640225663,0.9989413417664358,0.9990841261372342,0.9992183287885985,0.9991590768014752,0.999190803745346,0.9992121821896287,0.9990666254402525,0.9992581672236892,0.9992631632064676,0.9994211108343877,0.9992105718643762,0.9992527333796398,0.9994287362299152,0.9992041334207139,0.9993145954977514,0.9994201843611141,0.999451382918796,0.9995601448212931,0.9994694740730021,0.9995814184591006,0.999552867604996,0.9995309704554913,0.9995494075405376,0.9995228904285991,0.9995684806865215,0.9994585394594457,0.9995871532364824,0.9996057143335593,0.9996439306409389,0.9995657117475474
0.9963348635225224,0.997552153933402,0.997478926077452,0.9979054349606292,0.9985722103569051,0.9981306361867561,0.9985989698143298,0.9987033327335222,0.9988076962011936,0.9990142247333795,0.9987026900085963,0.9991847573677349,0.9991835580435703,0.9991359729269444,0.9994362366661959,0.9992492736568168,0.9992301552044144,0.9989785869744158,0.9994178498794205,0.9992664009426063,0.9994504539484326,0.9994057446920659,0.9993803221065477,0.999512827376646,0.9992965853481934,0.9994305052269299,0.9994307131927382,0.999546487052574,0.9994724626854977,0.999535365884882,0.9994692076129303,0.9995462793388363,0.9995088529876812,0.9995158555669775,0.9995767177816748,0.9995692557727337,0.9994676575829604,0.9995565885959093,0.9995977819706638
0.9959208873661942,0.997237691638147,0.9977912964565228,0.9979788874011248,0.9984961365450149,0.9986658878503669,0.998613390170054,0.9986873628022278,0.9991104424969273,0.998671370068908,0.9992539139243418,0.9990367116099294,0.999181279087159,0.9991982593983434,0.9993882354506425,0.9992078445061636,0.999351242379018,0.999224774192142,0.9993144889034979,0.9993607119568406,0.9993027847873146,0.9993935400943386,0.9994216431764149,0.999424147811298,0.9994352946579563,0.9994638586029703,0.9995447002803673,0.9995415702675652,0.9995389202707545,0.999492444629306,0.999519915180126,0.9995010665659295,0.99958789880061,0.9996323353587803,0.9995775601387097,0.999531995148881,0.9996214278261717,0.9996271410771713,0.9996419483021574
0.9964145376388773,0.9972604696752474,0.998183633472496,0.9979743503002704,0.9982904577166831,0.9987685944422906,0.998935473913585,0.9988607043327867,0.9991242051042616,0.9988359449416832,0.9987599782194483,0.9990638962035844,0.999210819337096,0.999266793715013,0.9991193307188523,0.9992030889889231,0.9991795191303949,0.9992795273640963,0.999269943493821,0.9992718520371213,0.9993306887802674,0.9993952399915166,0.9994798397982544,0.9993607058773617,0.9993926875708721,0.9993956404193732,0.9994513084007773,0.9994408790694495,0.9994583294544773,0.9995446825108658,0.9994672519407616,0.9995223198263512,0.9994786111313492,0.9995275538144257,0.9996457029106925,0.9995460031124543,0.9994379989062581,0.9996465885379694,0.9996447563884422
0.9967572992856385,0.9973085827516425,0.9974510594434631,0.9981527274353733,0.9985016887475232,0.9980805160340595,0.9981305001831546,0.9990167832933089,0.9986673517565764,0.998934255601197,0.9988723017124402,0.9988834298053536,0.9991596547781043,0.9992717491569875,0.9991716644968571,0.9991412435782199,0.9992932261003206,0.9993066540984301,0.9994313956559557,0.9992581637466298,0.9993483550395845,0.9992619218547324,0.9994347923698044,0.9995571386957104,0.9993902246821026,0.9995002177588819,0.9994368763481624,0.9995518835300617,0.9995721387378939,0.9994343941269122,0.9994887778498175,0.9994544578172013,0.9995767027502757,0.9994806404143913,0.9996135074219747,0.9995098089109873,0.9995807188881414,0.99963494992015,0.9996163431065294
0.9964716340049229,0.9974107082139667,0.997242172515067,0.9976797868381073,0.998322332962687,0.998521281143039,0.9985498883101727,0.9986487192155612,0.9986527263187367,0.9987929125314726,0.9988757897879379,0.9989950471765797,0.9991082976689468,0.9990519961887625,0.9992076680194043,0.9992567272867109,0.9991931158055721,0.999390295574263,0.9993920122424808,0.9994020904031135,0.9992635399842503,0.9992771053275488,0.9993540979183391,0.9995163518677079,0.9995097671232481,0.9995083255482986,0.999492398366426,0.9995061171578219,0.9995276101852366,0.9994356780091669,0.9995233108043604,0.9996056143194387,0.9995504158011808,0.9995466873341329,0.9996300518757452,0.9995350800517467,0.9995353771532117,0.9996133180736134,0.9995553740004269
0.996267338163803,0.9977076668666012,0.9976593182921475,0.9983448584447849,0.9980861189666983,0.9985706390195997,0.9985130673610317,0.9985708800417806,0.9989102301438745,0.9991897835970321,0.9989372366439226,0.9990896192894583,0.9989821324717593,0.9992120236485279,0.9992336278049176,0.9992684424697863,0.9993801070721725,0.9991825841735851,0.9992765108881078,0.9993555309610382,0.9993465191210583,0.9993763156340152,0.999386572836174,0.9993275340930381,0.99937383008121,0.9995481132264166,0.9995666921905755,0.999488782884996,0.9995459915789557,0.9995484959828197,0.9995740835764905,0.999491350922513,0.9994884127701823,0.9994714262135543,0.9995145746525931,0.9996384021409715,0.9995582880763778,0.9996363974614779,0.9996086559917052
